position,artist,track,album,shelf_artist,shelf_album,disc,track_number,duration_ms,spotify_track_uri
1,Kings of Leon,Closer,Only By The Night,Kings of Leon,Only By The Night,1,1,237480,spotify:track:1O8d2pWtBclzuY3FctBPVa
2,Kings of Leon,Crawl,Only By The Night,Kings of Leon,Only By The Night,1,2,246413,spotify:track:3YvSaCeNvGlFzIU1cFC5mG
3,Kings of Leon,Sex on Fire,Only By The Night,Kings of Leon,Only By The Night,1,3,203346,spotify:track:0ntQJM78wzOLVeCUAW7Y45
4,Kings of Leon,Use Somebody,Only By The Night,Kings of Leon,Only By The Night,1,4,230760,spotify:track:5VGlqQANWDKJFl0MBG3sg2
5,Kings of Leon,Manhattan,Only By The Night,Kings of Leon,Only By The Night,1,5,204226,spotify:track:2d5vz9uU5Jan1rX8mkxw2w
6,Kings of Leon,Revelry,Only By The Night,Kings of Leon,Only By The Night,1,6,201733,spotify:track:0bTlXQJzw4ddaLQPJ4rGS2
7,Kings of Leon,17,Only By The Night,Kings of Leon,Only By The Night,1,7,185373,spotify:track:3IYAT3Rtlyqlo4ndbugxfl
8,Kings of Leon,Notion,Only By The Night,Kings of Leon,Only By The Night,1,8,180840,spotify:track:40e9kU9Wd4vbedqSA7Io4n
9,Kings of Leon,I Want You,Only By The Night,Kings of Leon,Only By The Night,1,9,307453,spotify:track:59gSh5ihFRsCyB4gpwDjcC
10,Kings of Leon,Be Somebody,Only By The Night,Kings of Leon,Only By The Night,1,10,227146,spotify:track:0eQjA54TJkwTHDJKG8OkRg
11,Kings of Leon,Cold Desert,Only By The Night,Kings of Leon,Only By The Night,1,11,334706,spotify:track:1IhnbJZ7FywEL7YCyLKDgv
12,Michael Jackson,Don't Stop 'Til You Get Enough - 2003 Edit,Number Ones,Michael Jackson,Number Ones,1,1,237113,spotify:track:1HRtVWNhS9tEvDQyOKD9Fs
13,Michael Jackson,Rock with You - Single Version,Number Ones,Michael Jackson,Number Ones,1,2,221778,spotify:track:0mckKOsMlBypUfD6gzdNhY
14,Michael Jackson,Billie Jean,Number Ones,Michael Jackson,Number Ones,1,3,294601,spotify:track:3SkeDDHXP7IKUEkW4W9zmP
15,Michael Jackson,Beat It,Number Ones,Michael Jackson,Number Ones,1,4,259483,spotify:track:34eWqbo19RNJ9fguDBQGkA
16,Michael Jackson,Thriller - 2003 Edit,Number Ones,Michael Jackson,Number Ones,1,5,312794,spotify:track:0wQy2OO7jKjm0OOmA7gv3f
17,"Michael Jackson, Siedah Garrett",I Just Can't Stop Loving You (feat. Siedah Garrett),Number Ones,Michael Jackson,Number Ones,1,6,253018,spotify:track:4QAd9ssIA0LlGeTk72oEyP
18,Michael Jackson,Bad,Number Ones,Michael Jackson,Number Ones,1,7,247184,spotify:track:3tS8q8SXxtrYSN8UgeQt6q
19,Michael Jackson,Smooth Criminal - Radio Edit,Number Ones,Michael Jackson,Number Ones,1,8,258700,spotify:track:4N7LcVNKV13oxts55xpdIx
20,Michael Jackson,The Way You Make Me Feel,Number Ones,Michael Jackson,Number Ones,1,9,299138,spotify:track:4KuUjDtpMTBv55FzbcOW38
21,Michael Jackson,Man in the Mirror - 2003 Edit,Number Ones,Michael Jackson,Number Ones,1,10,304959,spotify:track:3mK75eGdaeLXxX7P1OzWLK
22,Michael Jackson,Dirty Diana,Number Ones,Michael Jackson,Number Ones,1,11,282062,spotify:track:6JZYMxvcoeLD4IifJPvDux
23,Michael Jackson,Black or White - Single Version,Number Ones,Michael Jackson,Number Ones,1,12,200060,spotify:track:6wdviVWctiZnY6tVn6bh6A
24,Michael Jackson,You Are Not Alone - Radio Edit,Number Ones,Michael Jackson,Number Ones,1,13,276244,spotify:track:2Y9JFksVsC4FgE5qQHLLII
25,Michael Jackson,Earth Song - Radio Edit,Number Ones,Michael Jackson,Number Ones,1,14,302187,spotify:track:2pSccP1kWvZcc9V9vWTfBW
26,Michael Jackson,You Rock My World - Radio Edit,Number Ones,Michael Jackson,Number Ones,1,15,266914,spotify:track:4oY2T9ur7Ll5b2kpBlcWcb
27,Michael Jackson,Break of Dawn,Number Ones,Michael Jackson,Number Ones,1,16,333441,spotify:track:0AekEma473V3q1YCyhpJs8
28,Michael Jackson,One More Chance,Number Ones,Michael Jackson,Number Ones,1,17,229400,spotify:track:7uyivkbdc8iH8wyBGBhlXV
29,Michael Jackson,Ben - 2003 Live Edit,Number Ones,Michael Jackson,Number Ones,1,18,177617,spotify:track:451F57lzZPmlkTsqKqdmGg
30,Justin Timberlake,Pusher Love Girl,The 20/20 Experience (Deluxe Version),Justin Timberlake,The 20/20 Experience,1,1,482369,spotify:track:773hekg7UEdbGvv3lJ3CmV
31,"Justin Timberlake, JAŸ-Z",Suit & Tie (feat. JAY-Z),The 20/20 Experience (Deluxe Version),Justin Timberlake,The 20/20 Experience,1,2,326271,spotify:track:6vt0I1cw1YmAIKDJvHVIM5
32,Justin Timberlake,Don't Hold the Wall,The 20/20 Experience (Deluxe Version),Justin Timberlake,The 20/20 Experience,1,3,430628,spotify:track:7I7EnQnVJH1uSJ0cSQKPuu
33,Justin Timberlake,Strawberry Bubblegum,The 20/20 Experience (Deluxe Version),Justin Timberlake,The 20/20 Experience,1,4,479755,spotify:track:7z0JDE4w67HXt5lEWsU2Hj
34,Justin Timberlake,Tunnel Vision,The 20/20 Experience (Deluxe Version),Justin Timberlake,The 20/20 Experience,1,5,406637,spotify:track:79MOydAvZYm8nyyzd6fiVi
35,Justin Timberlake,Spaceship Coupe,The 20/20 Experience (Deluxe Version),Justin Timberlake,The 20/20 Experience,1,6,437016,spotify:track:7xxEK0MQvkME1LSS2cIW7R
36,Justin Timberlake,That Girl,The 20/20 Experience (Deluxe Version),Justin Timberlake,The 20/20 Experience,1,7,287938,spotify:track:4CfYxSs4Dr8KWORCmN3hom
37,Justin Timberlake,Let the Groove Get In,The 20/20 Experience (Deluxe Version),Justin Timberlake,The 20/20 Experience,1,8,431621,spotify:track:2AobDJxjDp5TbxGdR3JGen
38,Justin Timberlake,Mirrors,The 20/20 Experience (Deluxe Version),Justin Timberlake,The 20/20 Experience,1,9,485598,spotify:track:4rHZZAmHpZrA3iH5zx8frV
39,Justin Timberlake,Blue Ocean Floor,The 20/20 Experience (Deluxe Version),Justin Timberlake,The 20/20 Experience,1,10,442681,spotify:track:06aFFobYGQNlyqXcEmYPSm
40,Justin Timberlake,Dress On,The 20/20 Experience (Deluxe Version),Justin Timberlake,The 20/20 Experience,1,11,279124,spotify:track:3HaW1TqoBUrTwEYmtguKTa
41,Justin Timberlake,Body Count,The 20/20 Experience (Deluxe Version),Justin Timberlake,The 20/20 Experience,1,12,282478,spotify:track:3rPDcjQNtOK0gey9Gu1tZ2
42,Kaiser Chiefs,Ruby,"Yours Truly, Angry Mob (Deluxe)",Kaiser Chiefs,"Yours Truly, Angry Mob",1,1,204200,spotify:track:2sgBTNHz9ckmqj3rx3ez4M
43,Kaiser Chiefs,The Angry Mob,"Yours Truly, Angry Mob (Deluxe)",Kaiser Chiefs,"Yours Truly, Angry Mob",1,2,286866,spotify:track:5sJrkxaXEfrJauBxnSBsXa
44,Kaiser Chiefs,Heat Dies Down,"Yours Truly, Angry Mob (Deluxe)",Kaiser Chiefs,"Yours Truly, Angry Mob",1,3,235533,spotify:track:5vMzQosDqdp1eSCDd9o75q
45,Kaiser Chiefs,Highroyds,"Yours Truly, Angry Mob (Deluxe)",Kaiser Chiefs,"Yours Truly, Angry Mob",1,4,198786,spotify:track:5s01P3Vxp163chiPbrR0tI
46,Kaiser Chiefs,Love's Not A Competition (But I'm Winning),"Yours Truly, Angry Mob (Deluxe)",Kaiser Chiefs,"Yours Truly, Angry Mob",1,5,195733,spotify:track:1xtvsB3EXwyM5broVA0CMU
47,Kaiser Chiefs,Thank You Very Much,"Yours Truly, Angry Mob (Deluxe)",Kaiser Chiefs,"Yours Truly, Angry Mob",1,6,155480,spotify:track:6ewp4089yurchu7SYsa6Lc
48,Kaiser Chiefs,I Can Do It Without You,"Yours Truly, Angry Mob (Deluxe)",Kaiser Chiefs,"Yours Truly, Angry Mob",1,7,203173,spotify:track:1o8k71PyHuYiv6KBER6jJn
49,Kaiser Chiefs,My Kind Of Guy,"Yours Truly, Angry Mob (Deluxe)",Kaiser Chiefs,"Yours Truly, Angry Mob",1,8,246506,spotify:track:148kTfqi5rEZxZ7GyXkjd4
50,Kaiser Chiefs,Everything Is Average Nowadays,"Yours Truly, Angry Mob (Deluxe)",Kaiser Chiefs,"Yours Truly, Angry Mob",1,9,161332,spotify:track:0frtDueGGkz7U0KPgaqehh
51,Kaiser Chiefs,Boxing Champ,"Yours Truly, Angry Mob (Deluxe)",Kaiser Chiefs,"Yours Truly, Angry Mob",1,10,91080,spotify:track:1r7XNA9Czk2n72K5VzST66
52,Kaiser Chiefs,Learnt My Lesson Well,"Yours Truly, Angry Mob (Deluxe)",Kaiser Chiefs,"Yours Truly, Angry Mob",1,11,233853,spotify:track:2SxKbqyei09ikdB57IcXWq
53,Kaiser Chiefs,Try Your Best,"Yours Truly, Angry Mob (Deluxe)",Kaiser Chiefs,"Yours Truly, Angry Mob",1,12,221013,spotify:track:4FrgoWklPdtremI85h02mD
54,Kaiser Chiefs,Retirement,"Yours Truly, Angry Mob (Deluxe)",Kaiser Chiefs,"Yours Truly, Angry Mob",1,13,231466,spotify:track:2xIn8WwZokrFYFtwrXS42f
55,Kaiser Chiefs,Heat Dies Down - Live In Berlin,"Yours Truly, Angry Mob (Deluxe)",Kaiser Chiefs,"Yours Truly, Angry Mob",1,14,223866,spotify:track:0bKnZrdCcXOG5qdb2qQQ5r
56,Kaiser Chiefs,Everything Is Average Nowadays - Live In Berlin,"Yours Truly, Angry Mob (Deluxe)",Kaiser Chiefs,"Yours Truly, Angry Mob",1,15,162771,spotify:track:7GD0jOYc8zNEGofV8T29Gh
57,Kaiser Chiefs,Ruby - Live In Berlin,"Yours Truly, Angry Mob (Deluxe)",Kaiser Chiefs,"Yours Truly, Angry Mob",1,16,201426,spotify:track:3PiZ2E2L2k968i8S7aTTU8
58,Kaiser Chiefs,Highroyds - Live In Berlin,"Yours Truly, Angry Mob (Deluxe)",Kaiser Chiefs,"Yours Truly, Angry Mob",1,17,209466,spotify:track:54f6jwCH6GyIWy7r9Xm9GS
59,Kaiser Chiefs,Retirement - Live In Berlin,"Yours Truly, Angry Mob (Deluxe)",Kaiser Chiefs,"Yours Truly, Angry Mob",1,18,289440,spotify:track:1VnWQr1Mno55FoaMYK4Bde
60,Bruno Mars,Grenade,Doo-Wops & Hooligans,Bruno Mars,Doo-Wops & Hooligans,1,1,222091,spotify:track:4lLtanYk6tkMvooU0tWzG8
61,Bruno Mars,Just the Way You Are,Doo-Wops & Hooligans,Bruno Mars,Doo-Wops & Hooligans,1,2,220734,spotify:track:47Slg6LuqLaX0VodpSCvPt
62,Bruno Mars,Our First Time,Doo-Wops & Hooligans,Bruno Mars,Doo-Wops & Hooligans,1,3,243004,spotify:track:4LjkHlY5qDz0hhFJJH5M7a
63,Bruno Mars,Runaway Baby,Doo-Wops & Hooligans,Bruno Mars,Doo-Wops & Hooligans,1,4,148448,spotify:track:7hCNBVRhHzcsRAv0TQnOzq
64,Bruno Mars,The Lazy Song,Doo-Wops & Hooligans,Bruno Mars,Doo-Wops & Hooligans,1,5,189109,spotify:track:386RUes7n1uM1yfzgeUuwp
65,Bruno Mars,Marry You,Doo-Wops & Hooligans,Bruno Mars,Doo-Wops & Hooligans,1,6,230192,spotify:track:6SKwQghsR8AISlxhcwyA9R
66,Bruno Mars,Talking to the Moon,Doo-Wops & Hooligans,Bruno Mars,Doo-Wops & Hooligans,1,7,217866,spotify:track:1wVuPmvt6AWvTL5W2GJnzZ
67,"Bruno Mars, Damian Marley",Liquor Store Blues (feat. Damian Marley),Doo-Wops & Hooligans,Bruno Mars,Doo-Wops & Hooligans,1,8,229383,spotify:track:1ewMCmw7qCb5a9ttqiyemu
68,Bruno Mars,Count on Me,Doo-Wops & Hooligans,Bruno Mars,Doo-Wops & Hooligans,1,9,197469,spotify:track:3B5UbSndRz907IZhhmUfLi
69,"Bruno Mars, B.o.B, CeeLo Green",The Other Side (feat. CeeLo Green and B.o.B),Doo-Wops & Hooligans,Bruno Mars,Doo-Wops & Hooligans,1,10,228346,spotify:track:78Z199FfQHt4VpnJzlYaIe
70,Bruno Mars,Somewhere in Brooklyn,Doo-Wops & Hooligans,Bruno Mars,Doo-Wops & Hooligans,1,11,181691,spotify:track:3P4v70V3Zt804r2c9dZivK
71,Bruno Mars,Talking to the Moon - Acoustic Piano,Doo-Wops & Hooligans,Bruno Mars,Doo-Wops & Hooligans,1,12,217753,spotify:track:6YKT5HoPwjTwhHiCNQsBMK
72,Kings of Leon,Red Morning Light,Youth And Young Manhood,Kings of Leon,Youth and Young Manhood,1,1,179426,spotify:track:3Fc5OiXuy3pgmLLdoDQqjX
73,Kings of Leon,Happy Alone,Youth And Young Manhood,Kings of Leon,Youth and Young Manhood,1,2,238840,spotify:track:3SA5iSKihPv3DxLfx4Ps7x
74,Kings of Leon,Wasted Time,Youth And Young Manhood,Kings of Leon,Youth and Young Manhood,1,3,165506,spotify:track:3uww8tj9hlPUbUsJXcOJuc
75,Kings of Leon,Joe's Head,Youth And Young Manhood,Kings of Leon,Youth and Young Manhood,1,4,201333,spotify:track:1dr8WENPLdPpcLVzyDXLNn
76,Kings of Leon,Trani,Youth And Young Manhood,Kings of Leon,Youth and Young Manhood,1,5,300573,spotify:track:1e0PeM3bjzkEinwWXVw7WM
77,Kings of Leon,California Waiting,Youth And Young Manhood,Kings of Leon,Youth and Young Manhood,1,6,208693,spotify:track:6LhN47wHHsSzlbVzsXe7cY
78,Kings of Leon,Spiral Staircase,Youth And Young Manhood,Kings of Leon,Youth and Young Manhood,1,7,174600,spotify:track:7KhMt59C8QDm3NqcvUObNJ
79,Kings of Leon,Molly's Chambers,Youth And Young Manhood,Kings of Leon,Youth and Young Manhood,1,8,134906,spotify:track:0nCAVzknkzRXRgB6LhRv04
80,Kings of Leon,Genius,Youth And Young Manhood,Kings of Leon,Youth and Young Manhood,1,9,168840,spotify:track:3iUUve7vVMnS4zHLWpv3mh
81,Kings of Leon,Dusty,Youth And Young Manhood,Kings of Leon,Youth and Young Manhood,1,10,260400,spotify:track:3iYPdrNM4hzxfhmMhb3UoT
82,Kings of Leon,Holy Roller Novocaine,Youth And Young Manhood,Kings of Leon,Youth and Young Manhood,1,11,243440,spotify:track:5fv9AxkRVzCwT5XkpYjWvL
83,Kings of Leon,Talihina Sky,Youth And Young Manhood,Kings of Leon,Youth and Young Manhood,1,12,227720,spotify:track:7GWViYkd4fTS3ApKuaTLEB
84,Selena Gomez,Revival,Revival (Deluxe),Selena Gomez,Revival,1,1,246400,spotify:track:5NB5uPFcHGmwfluq9Sqn3j
85,Selena Gomez,Kill Em With Kindness,Revival (Deluxe),Selena Gomez,Revival,1,2,217906,spotify:track:7KxhSJOYiqCDclXDBNlFSZ
86,Selena Gomez,Hands To Myself,Revival (Deluxe),Selena Gomez,Revival,1,3,200680,spotify:track:3CJvmtWw2bJsudbAC5uCQk
87,Selena Gomez,Same Old Love,Revival (Deluxe),Selena Gomez,Revival,1,4,229080,spotify:track:6ZANrVuAMp2rpjhfbOuJly
88,Selena Gomez,Sober,Revival (Deluxe),Selena Gomez,Revival,1,5,194826,spotify:track:3Fb4cttE912XgIeD25rXRn
89,"Selena Gomez, A$AP Rocky",Good For You,Revival (Deluxe),Selena Gomez,Revival,1,6,221280,spotify:track:5xdVqHtFS0eLuNp4Z8Wbpa
90,Selena Gomez,Camouflage,Revival (Deluxe),Selena Gomez,Revival,1,7,249080,spotify:track:37IToWWYUc9nuH3ijz4tqV
91,Selena Gomez,Me & The Rhythm,Revival (Deluxe),Selena Gomez,Revival,1,8,213426,spotify:track:4a32Q7bRtWDGSEMbyWKIlj
92,Selena Gomez,Survivors,Revival (Deluxe),Selena Gomez,Revival,1,9,221853,spotify:track:3gBxsj1226b38ZxdvsTyd1
93,Selena Gomez,Body Heat,Revival (Deluxe),Selena Gomez,Revival,1,10,207733,spotify:track:75rnLkvIeq8RZ8xjcFIvSG
94,Selena Gomez,Rise,Revival (Deluxe),Selena Gomez,Revival,1,11,167253,spotify:track:4RUqWWMnkm0rZebrPikFWI
95,Selena Gomez,Me & My Girls,Revival (Deluxe),Selena Gomez,Revival,1,12,210506,spotify:track:4i55R0S2I64mhS5biNbECZ
96,Selena Gomez,Nobody,Revival (Deluxe),Selena Gomez,Revival,1,13,217440,spotify:track:4OuMdUzh9Lz82ACgQUYBbU
97,Selena Gomez,Perfect,Revival (Deluxe),Selena Gomez,Revival,1,14,242640,spotify:track:2cMtkfv5jEb5UpIjJntl5g
98,Selena Gomez,Outta My Hands (Loco),Revival (Deluxe),Selena Gomez,Revival,1,15,211960,spotify:track:6I4vrOusONJw4cUXRFyDZn
99,Selena Gomez,Cologne,Revival (Deluxe),Selena Gomez,Revival,1,16,232453,spotify:track:4zvZj8TSRl3EeaeXzRl73k
100,Queen,A Kind of Magic,Greatest Hits II,Queen,Greatest Hits II,1,1,261822,spotify:track:0tm2836zlFp3hKizqZbbnA
101,"Queen, David Bowie",Under Pressure (feat. David Bowie),Greatest Hits II,Queen,Greatest Hits II,1,2,236511,spotify:track:4S0quH9TKrsqwhvfJWzy9i
102,Queen,Radio Ga Ga,Greatest Hits II,Queen,Greatest Hits II,1,3,343293,spotify:track:6z7Epm1wxojDUdVHP8DkDY
103,Queen,I Want It All,Greatest Hits II,Queen,Greatest Hits II,1,4,241560,spotify:track:7rTUcBoGm6SDCkRZmVa7Hh
104,Queen,I Want to Break Free - Single Remix,Greatest Hits II,Queen,Greatest Hits II,1,5,258680,spotify:track:4J5qhC2fsEpPwaCaD7zGuT
105,Queen,Innuendo,Greatest Hits II,Queen,Greatest Hits II,1,6,388826,spotify:track:3OLbAbYE1d7eKI5exPLS4T
106,Queen,It's A Hard Life,Greatest Hits II,Queen,Greatest Hits II,1,7,248800,spotify:track:4lVgNXtvHV1hvywx7dHDFk
107,Queen,Breakthru,Greatest Hits II,Queen,Greatest Hits II,1,8,249413,spotify:track:3OmVxTZSbgsTJ2PMeYJGuM
108,Queen,Who Wants To Live Forever,Greatest Hits II,Queen,Greatest Hits II,1,9,297470,spotify:track:3bmh7WhduQpPW7fwg6Uv8Y
109,Queen,Headlong,Greatest Hits II,Queen,Greatest Hits II,1,10,272977,spotify:track:4n1RIdUiOtM0aCKvVYGQyN
110,Queen,The Miracle,Greatest Hits II,Queen,Greatest Hits II,1,11,294872,spotify:track:762xFOr2CK008guNTkOPmq
111,Queen,I'm Going Slightly Mad,Greatest Hits II,Queen,Greatest Hits II,1,12,248691,spotify:track:39qgOtJEvZUzWVzc6xGFZj
112,Queen,The Invisible Man,Greatest Hits II,Queen,Greatest Hits II,1,13,238861,spotify:track:2FruWatcrB9eLlLWKoe1av
113,Queen,Hammer To Fall,Greatest Hits II,Queen,Greatest Hits II,1,14,220105,spotify:track:1OuuQNfGJ0KwD4KUJ7tuzj
114,Queen,Friends Will Be Friends,Greatest Hits II,Queen,Greatest Hits II,1,15,248707,spotify:track:07gmBAIheXgPNSU0OdblWG
115,Queen,The Show Must Go On,Greatest Hits II,Queen,Greatest Hits II,1,16,263621,spotify:track:1x8nqlgv33s70JPa300LmJ
116,Queen,One Vision,Greatest Hits II,Queen,Greatest Hits II,1,17,242893,spotify:track:2ipEZmQ77dLMNpLriBQdU2
117,fun.,Some Nights - Intro,Some Nights,fun.,Some Nights,1,1,137760,spotify:track:0SEWDKbdjKbADHZjDsiXOc
118,fun.,Some Nights,Some Nights,fun.,Some Nights,1,2,277040,spotify:track:67WTwafOMgegV6ABnBQxcE
119,"fun., Janelle Monáe",We Are Young (feat. Janelle Monáe),Some Nights,fun.,Some Nights,1,3,250626,spotify:track:5rgy6ghBq1eRApCkeUdJXf
120,fun.,Carry On,Some Nights,fun.,Some Nights,1,4,278373,spotify:track:5xZjfKSfTooDP2rcAgjxlH
121,fun.,It Gets Better,Some Nights,fun.,Some Nights,1,5,216146,spotify:track:0OdgyUig3oQTf96PcKJDZG
122,fun.,Why Am I the One,Some Nights,fun.,Some Nights,1,6,286706,spotify:track:2bEWRMWfH5n8QEuXgVlcxf
123,fun.,All Alone,Some Nights,fun.,Some Nights,1,7,183773,spotify:track:7tgVDNjO3zaVWifN1vhhGJ
124,fun.,All Alright,Some Nights,fun.,Some Nights,1,8,237466,spotify:track:6rcA2JxFUmlFw4GDLITcvj
125,fun.,One Foot,Some Nights,fun.,Some Nights,1,9,211933,spotify:track:1SGLgGAv1W2CRF9sovnJXu
126,fun.,Stars,Some Nights,fun.,Some Nights,1,10,413346,spotify:track:6qKHDdDHy2GfAQC8ansb2y
127,fun.,Out on the Town - Bonus Track,Some Nights,fun.,Some Nights,1,11,261426,spotify:track:4NfK33ReDnc5qJluvErGnF
128,Florence + The Machine,Only If For A Night,Ceremonials,Florence + The Machine,Ceremonials,1,1,297764,spotify:track:1ORxhhwevTr2iUY3wtQJKy
129,Florence + The Machine,Shake It Out,Ceremonials,Florence + The Machine,Ceremonials,1,2,277637,spotify:track:24oq4fE50lbFOCoHIBKcor
130,Florence + The Machine,What The Water Gave Me,Ceremonials,Florence + The Machine,Ceremonials,1,3,333509,spotify:track:0CWTFnLY7OkDZJ37bYOeIo
131,Florence + The Machine,Never Let Me Go,Ceremonials,Florence + The Machine,Ceremonials,1,4,271377,spotify:track:6ecXmdwLvvTAob3lAxEpbM
132,Florence + The Machine,Breaking Down,Ceremonials,Florence + The Machine,Ceremonials,1,5,228525,spotify:track:5iLQpG368lxxlpuSA0h0I1
133,Florence + The Machine,Lover To Lover,Ceremonials,Florence + The Machine,Ceremonials,1,6,242681,spotify:track:0M2tMJUam5M96YfRUIfHnt
134,Florence + The Machine,"No Light, No Light",Ceremonials,Florence + The Machine,Ceremonials,1,7,274821,spotify:track:2Tg2aW6Qfh9fYoUbDgYDXL
135,Florence + The Machine,Seven Devils,Ceremonials,Florence + The Machine,Ceremonials,1,8,303245,spotify:track:588kq3Zm0s5mJ8tcQEJPlD
136,Florence + The Machine,Heartlines,Ceremonials,Florence + The Machine,Ceremonials,1,9,301587,spotify:track:0A00eeYQWL4gKr33HqculX
137,Florence + The Machine,Spectrum (Say My Name),Ceremonials,Florence + The Machine,Ceremonials,1,10,311588,spotify:track:2xTM2V8ygcAQJNhfiRlYpi
138,Florence + The Machine,All This And Heaven Too,Ceremonials,Florence + The Machine,Ceremonials,1,11,245881,spotify:track:0YAszVnkKiUrxipgzSvpyS
139,Florence + The Machine,Leave My Body,Ceremonials,Florence + The Machine,Ceremonials,1,12,274231,spotify:track:0ON9Vv9h13Ybip36zYl1ka
140,"Florence + The Machine, Calvin Harris",Spectrum (Say My Name) - Calvin Harris Remix,Ceremonials,Florence + The Machine,Ceremonials,1,13,218190,spotify:track:57yeWyaoeTt26p0dlEZukQ
141,Florence + The Machine,Breath Of Life,Ceremonials,Florence + The Machine,Ceremonials,1,14,248459,spotify:track:4NMD8KWxZwCrff9uHhVqSn
142,Florence + The Machine,Take Care - BBC Live At Maida Vale,Ceremonials,Florence + The Machine,Ceremonials,1,15,278537,spotify:track:1dpG09IWfVgF0k9Rrgh9S9
143,Snow Patrol,Chocolate,Up To Now,Snow Patrol,Up to Now,1,1,180693,spotify:track:1ZZYwFDt1nWoDEBbvUKMPP
144,Snow Patrol,Chasing Cars,Up To Now,Snow Patrol,Up to Now,1,2,265666,spotify:track:329TqxWgwafgOVwlhwuRA6
145,Snow Patrol,Crack The Shutters,Up To Now,Snow Patrol,Up to Now,1,3,201440,spotify:track:2b9PZHnyIiBvim3OeKulw5
146,"Snow Patrol, Martha Wainwright",Set The Fire To The Third Bar,Up To Now,Snow Patrol,Up to Now,1,4,202520,spotify:track:2PQb0GbjqxVobQPaPuBg8x
147,Snow Patrol,Crazy In Love,Up To Now,Snow Patrol,Up to Now,1,5,263960,spotify:track:371DjZRmUgLlJS15gaG8zU
148,Snow Patrol,Just Say Yes,Up To Now,Snow Patrol,Up to Now,1,6,281346,spotify:track:4k7P2LIQco8YCVbIZl1vZB
149,Snow Patrol,Batten Down The Hatch,Up To Now,Snow Patrol,Up to Now,1,7,208546,spotify:track:4SNm6oI7F23tP8rBKdfTbG
150,Snow Patrol,You're All I Have,Up To Now,Snow Patrol,Up to Now,1,8,272306,spotify:track:2y0EtudzQbJUG6lpXt9VOp
151,Snow Patrol,Hands Open,Up To Now,Snow Patrol,Up to Now,1,9,195640,spotify:track:0MBS2kSgIyisxYQSgC8BlO
152,The Reindeer Section,Cartwheels,Up To Now,Snow Patrol,Up to Now,1,10,247480,spotify:track:0U4K1GZh8ony2v2or9Tip9
153,Snow Patrol,The Planets Bend Between Us - 2009 Version,Up To Now,Snow Patrol,Up to Now,1,11,241026,spotify:track:4MTc42W3TX4y2yiqtyZRtY
154,Snow Patrol,Ask Me How I Am,Up To Now,Snow Patrol,Up to Now,1,12,154400,spotify:track:5RcBFNIAoTLtS8KV5xSVZg
155,Snow Patrol,On/Off,Up To Now,Snow Patrol,Up to Now,1,13,160680,spotify:track:3aAompnJqxmAOvyYP11otB
156,Snow Patrol,Making Enemies,Up To Now,Snow Patrol,Up to Now,1,14,258600,spotify:track:6H1jkJH6XiazThJllz6hE5
157,Snow Patrol,"Run - MENCAP Little Noise Sessions, Live at The Union Chapel",Up To Now,Snow Patrol,Up to Now,1,15,304306,spotify:track:1QjNJE2GhGr8Gax4NB8Uki
158,Snow Patrol,Take Back The City,Up To Now,Snow Patrol,Up to Now,2,1,279146,spotify:track:3KzonbZYsmlwEl3UjJOeuk
159,Snow Patrol,Shut Your Eyes,Up To Now,Snow Patrol,Up to Now,2,2,196173,spotify:track:4SgW8HlnLvdeQPVclwFtFH
160,Snow Patrol,An Olive Grove Facing The Sea - 2009 Version,Up To Now,Snow Patrol,Up to Now,2,3,297386,spotify:track:2bHThMjtGRwXb7rOOuussJ
161,Snow Patrol,Run,Up To Now,Snow Patrol,Up to Now,2,4,354613,spotify:track:48eD8EVhnFqA8iELbQBqey
162,Snow Patrol,Give Me Strength,Up To Now,Snow Patrol,Up to Now,2,5,202880,spotify:track:2d0N8j1eIQiUMOEg0qyFym
163,Snow Patrol,Signal Fire,Up To Now,Snow Patrol,Up to Now,2,6,265826,spotify:track:74lydvQWYYLcnKyvkIuK7r
164,Snow Patrol,Spitting Games,Up To Now,Snow Patrol,Up to Now,2,7,226000,spotify:track:6F0ZrZkf2XOA0rtZoYO9G1
165,Snow Patrol,Open Your Eyes,Up To Now,Snow Patrol,Up to Now,2,8,338813,spotify:track:7kCrHQoLWB9x7cxPQ6ffwg
166,Snow Patrol,Dark Roman Wine,Up To Now,Snow Patrol,Up to Now,2,9,256040,spotify:track:696hMQIEkCLuJONRUgOPVT
167,Snow Patrol,Fifteen Minutes Old,Up To Now,Snow Patrol,Up to Now,2,10,186893,spotify:track:0zzyQwo69UeX9HfZqs7CFZ
168,The Reindeer Section,You Are My Joy,Up To Now,Snow Patrol,Up to Now,2,11,224560,spotify:track:0U3qsVtcIeip9YRXxogZbC
169,Snow Patrol,The Golden Floor,Up To Now,Snow Patrol,Up to Now,2,12,197893,spotify:track:0dOJkq5JlEgqQiZZeB41mq
170,Snow Patrol,Starfighter Pilot,Up To Now,Snow Patrol,Up to Now,2,13,197973,spotify:track:2IdOJtpS2snwtzzN9EMR8A
171,Snow Patrol,PPP - Studio Version,Up To Now,Snow Patrol,Up to Now,2,14,203786,spotify:track:1d7RTPT0BOQitLOE5Uf5r6
172,Snow Patrol,Chasing Cars - MENCAP Little Noise Sessions / Live at The Union Chapel,Up To Now,Snow Patrol,Up to Now,2,15,316706,spotify:track:7DBbl45kv1LdLV6HTXXB4e
173,Kanye West,Wake Up Mr. West,Late Registration,Kanye West,Late Registration,1,1,41066,spotify:track:62KeM7jbmYvzT5FycdiQeS
174,"Kanye West, Adam Levine",Heard 'Em Say,Late Registration,Kanye West,Late Registration,1,2,203733,spotify:track:6yIjtVtnOBeC8SwdVHzAuF
175,"Kanye West, Lupe Fiasco",Touch The Sky,Late Registration,Kanye West,Late Registration,1,3,236600,spotify:track:2dxjKgT0li4qBI3QwuN9Ih
176,"Kanye West, Jamie Foxx",Gold Digger,Late Registration,Kanye West,Late Registration,1,4,207626,spotify:track:1PS1QMdUqOal0ai3Gt7sDQ
177,Kanye West,Skit #1,Late Registration,Kanye West,Late Registration,1,5,33573,spotify:track:164al00XRSLWG6h4hc12bD
178,"Kanye West, Paul Wall, GLC",Drive Slow,Late Registration,Kanye West,Late Registration,1,6,272226,spotify:track:6vB49BJ70zBpDrrAPwdaB8
179,"Kanye West, Common",My Way Home,Late Registration,Kanye West,Late Registration,1,7,103373,spotify:track:0TzIHqhAbvYR6qJKrMMFlk
180,"Kanye West, The Game",Crack Music,Late Registration,Kanye West,Late Registration,1,8,270866,spotify:track:4fRTe59xEeNHT4uyAGsV27
181,Kanye West,Roses,Late Registration,Kanye West,Late Registration,1,9,245866,spotify:track:2DHNCWZYmVr1Lv08q5b0kB
182,"Kanye West, Brandy",Bring Me Down,Late Registration,Kanye West,Late Registration,1,10,198973,spotify:track:25K9cWrxNv991UYiOzBJqR
183,Kanye West,Addiction,Late Registration,Kanye West,Late Registration,1,11,267066,spotify:track:5VzeI5JM2y9t21JwrWAnkH
184,Kanye West,Skit #2,Late Registration,Kanye West,Late Registration,1,12,31360,spotify:track:466XcSgGAiQxcDrcV0yoMP
185,"Kanye West, JAŸ-Z",Diamonds From Sierra Leone - Remix,Late Registration,Kanye West,Late Registration,1,13,233400,spotify:track:34KUIBsIUiPV7oCIzSdDAU
186,"Kanye West, Nas, Really Doe",We Major,Late Registration,Kanye West,Late Registration,1,14,448000,spotify:track:46fk9wjYcPm0sgym2b7EEE
187,Kanye West,Skit #3,Late Registration,Kanye West,Late Registration,1,15,24133,spotify:track:2Xn5DIyAba7Fgyky3gU3rA
188,Kanye West,Hey Mama,Late Registration,Kanye West,Late Registration,1,16,305066,spotify:track:46OFHBw45fNi7QNjSetITR
189,Kanye West,Celebration,Late Registration,Kanye West,Late Registration,1,17,198440,spotify:track:7jAxGkXU58FwNMjqoMahn7
190,Kanye West,Skit #4,Late Registration,Kanye West,Late Registration,1,18,78666,spotify:track:3zXhvJaLpxefYIxBE0cnB0
191,"Kanye West, Consequence, Cam'ron",Gone,Late Registration,Kanye West,Late Registration,1,19,333293,spotify:track:5RjbFGeWVsCpw8EcE8OrvZ
192,Kanye West,Diamonds From Sierra Leone - Bonus Track,Late Registration,Kanye West,Late Registration,1,20,238400,spotify:track:4R5bSS8yoCl2czeWLr61aO
193,Kanye West,Late,Late Registration,Kanye West,Late Registration,1,21,230493,spotify:track:1mFHMzbaECWFaPfoePoEYl
194,Maroon 5,If I Never See Your Face Again,It Won't Be Soon Before Long,Maroon 5,It Won't Be Soon Before Long,1,1,201000,spotify:track:1pEJEfDtMKDui6gxYcCVRV
195,Maroon 5,Makes Me Wonder,It Won't Be Soon Before Long,Maroon 5,It Won't Be Soon Before Long,1,2,211080,spotify:track:0UWGKR6b4nJCvK7Q1yjgjh
196,Maroon 5,Little Of Your Time,It Won't Be Soon Before Long,Maroon 5,It Won't Be Soon Before Long,1,3,137066,spotify:track:2UW5VbD4BZ5vTeSYIAlybb
197,Maroon 5,Wake Up Call,It Won't Be Soon Before Long,Maroon 5,It Won't Be Soon Before Long,1,4,201306,spotify:track:7nKOPOosPKm9M4KeTdmuMp
198,Maroon 5,Won't Go Home Without You,It Won't Be Soon Before Long,Maroon 5,It Won't Be Soon Before Long,1,5,231173,spotify:track:3KWavdcNkuCYvgJaRABYAD
199,Maroon 5,Nothing Lasts Forever,It Won't Be Soon Before Long,Maroon 5,It Won't Be Soon Before Long,1,6,187920,spotify:track:0drD0iwcEeqdWT7VlSW9k8
200,Maroon 5,Can't Stop,It Won't Be Soon Before Long,Maroon 5,It Won't Be Soon Before Long,1,7,152800,spotify:track:0OjPoyoamW0563zmsyd9Hw
201,Maroon 5,Goodnight Goodnight,It Won't Be Soon Before Long,Maroon 5,It Won't Be Soon Before Long,1,8,243320,spotify:track:3jrn4Z92SIIgb5IAFTPtLn
202,Maroon 5,Not Falling Apart,It Won't Be Soon Before Long,Maroon 5,It Won't Be Soon Before Long,1,9,243626,spotify:track:7bwV3JL7csPgt5t9KqasT3
203,Maroon 5,Kiwi,It Won't Be Soon Before Long,Maroon 5,It Won't Be Soon Before Long,1,10,214546,spotify:track:2WPNbFDPM6PxYuqxe1iN75
204,Maroon 5,Better That We Break,It Won't Be Soon Before Long,Maroon 5,It Won't Be Soon Before Long,1,11,186306,spotify:track:09yV97mNIA3w2Lnjpxbhmt
205,Maroon 5,Back At Your Door,It Won't Be Soon Before Long,Maroon 5,It Won't Be Soon Before Long,1,12,226813,spotify:track:5SjKGNJ32PYU3CwH18s6mb
206,Maroon 5,Until You're Over Me - Non-LP Version,It Won't Be Soon Before Long,Maroon 5,It Won't Be Soon Before Long,1,13,195746,spotify:track:1YAuECqcuRYczHlhlUQz8W
207,Maroon 5,Infatuation,It Won't Be Soon Before Long,Maroon 5,It Won't Be Soon Before Long,1,14,266013,spotify:track:5nQZ4hQPlcPRwm6QgjPkQX
208,"Maroon 5, Rihanna",If I Never See Your Face Again,It Won't Be Soon Before Long,Maroon 5,It Won't Be Soon Before Long,1,15,198786,spotify:track:5u7ZI6ieAZZBqHMbcSw979
209,"Maroon 5, Mary J. Blige",Wake Up Call - Mark Ronson Remix,It Won't Be Soon Before Long,Maroon 5,It Won't Be Soon Before Long,1,16,193346,spotify:track:4Q36omJXoeMD8LnnoOXOu7
210,Maroon 5,Story - Non-LP Version,It Won't Be Soon Before Long,Maroon 5,It Won't Be Soon Before Long,1,17,270853,spotify:track:4YDQostOgkORTiJ1zbuNMr
211,Maroon 5,Losing My Mind - Non-LP Version,It Won't Be Soon Before Long,Maroon 5,It Won't Be Soon Before Long,1,18,200800,spotify:track:6paqFmWtl8FY5G0wfeIzjd
212,Maroon 5,Miss You Love You - Non LP Version,It Won't Be Soon Before Long,Maroon 5,It Won't Be Soon Before Long,1,19,190346,spotify:track:7dHuiDJMd62VoPW14FJjVB
213,Maroon 5,Harder To Breathe,Songs About Jane,Maroon 5,Songs About Jane,1,1,173693,spotify:track:2RjpDxBii8EvC6p6wxwCSz
214,Maroon 5,This Love,Songs About Jane,Maroon 5,Songs About Jane,1,2,206200,spotify:track:6YgV0EF8xJMZz0Zm6BTaT4
215,Maroon 5,Shiver,Songs About Jane,Maroon 5,Songs About Jane,1,3,179773,spotify:track:3T35D5r5tkO6c1KzZ0HCBr
216,Maroon 5,She Will Be Loved,Songs About Jane,Maroon 5,Songs About Jane,1,4,257133,spotify:track:7sapKrjDij2fpDVj0GxP66
217,Maroon 5,Tangled,Songs About Jane,Maroon 5,Songs About Jane,1,5,198200,spotify:track:07oRM1c6VtzDpxjTn8w6Hm
218,Maroon 5,The Sun,Songs About Jane,Maroon 5,Songs About Jane,1,6,251693,spotify:track:6cX1zmXxkfhSvHW82U5CW6
219,Maroon 5,Must Get Out,Songs About Jane,Maroon 5,Songs About Jane,1,7,239440,spotify:track:7xlIrLvCs7digqxVI3LKMM
220,Maroon 5,Sunday Morning,Songs About Jane,Maroon 5,Songs About Jane,1,8,244866,spotify:track:1YI0uK36eupTmw9F8kHysr
221,Maroon 5,Secret,Songs About Jane,Maroon 5,Songs About Jane,1,9,295000,spotify:track:64i1dyG9Td5z5Q0TCG17Pb
222,Maroon 5,Through With You,Songs About Jane,Maroon 5,Songs About Jane,1,10,181573,spotify:track:6DhtWg2DzPVEcBZoJ2CJh9
223,Maroon 5,Not Coming Home,Songs About Jane,Maroon 5,Songs About Jane,1,11,261226,spotify:track:7sT621Iv8V6bMv6Z5B16PO
224,Maroon 5,Sweetest Goodbye,Songs About Jane,Maroon 5,Songs About Jane,1,12,270733,spotify:track:44R3zk8n5b3g5fTEXCkwnW
225,Maroon 5,Best 4 U,Red Pill Blues (Deluxe),Maroon 5,Red Pill Blues,1,1,239751,spotify:track:3I1JTx525DKElzlTYOBfZN
226,"Maroon 5, SZA",What Lovers Do (feat. SZA),Red Pill Blues (Deluxe),Maroon 5,Red Pill Blues,1,2,199849,spotify:track:0GxQ1A5L9xnMOytbP6eKBG
227,Maroon 5,Wait,Red Pill Blues (Deluxe),Maroon 5,Red Pill Blues,1,3,190642,spotify:track:3T9CfDxFYqZWSKxd0BhZrb
228,Maroon 5,Lips On You,Red Pill Blues (Deluxe),Maroon 5,Red Pill Blues,1,4,216930,spotify:track:6SEBdRAW54AFwa8spgf0Ws
229,Maroon 5,Bet My Heart,Red Pill Blues (Deluxe),Maroon 5,Red Pill Blues,1,5,196120,spotify:track:0RqTAf0gX3pXAJYAbYRDqA
230,"Maroon 5, Julia Michaels",Help Me Out (with Julia Michaels),Red Pill Blues (Deluxe),Maroon 5,Red Pill Blues,1,6,193603,spotify:track:2C1Bhc9B8VoatLK71jcqpU
231,"Maroon 5, LunchMoney Lewis",Who I Am (feat. LunchMoney Lewis),Red Pill Blues (Deluxe),Maroon 5,Red Pill Blues,1,7,183427,spotify:track:4Uh8KTB8uLWfNe33e85X99
232,"Maroon 5, A$AP Rocky",Whiskey (feat. A$AP Rocky),Red Pill Blues (Deluxe),Maroon 5,Red Pill Blues,1,8,210422,spotify:track:33GjvFhe7CEj40gVDOwT1J
233,Maroon 5,Girls Like You,Red Pill Blues (Deluxe),Maroon 5,Red Pill Blues,1,9,215229,spotify:track:7npLlaPu9Mfno8hjk5OagD
234,Maroon 5,Closure,Red Pill Blues (Deluxe),Maroon 5,Red Pill Blues,1,10,688741,spotify:track:4b6qcioYl2LpBctFrJ1kht
235,Maroon 5,Denim Jacket,Red Pill Blues (Deluxe),Maroon 5,Red Pill Blues,1,11,232550,spotify:track:1N857bufDNDocn8hbmoNt7
236,Maroon 5,Visions,Red Pill Blues (Deluxe),Maroon 5,Red Pill Blues,1,12,230727,spotify:track:0aeqToKAIt951omSGAyLS4
237,Maroon 5,Plastic Rose,Red Pill Blues (Deluxe),Maroon 5,Red Pill Blues,1,13,222885,spotify:track:5Kv03DcfJl3aPmLKZGZdJq
238,"Maroon 5, Kendrick Lamar",Don't Wanna Know (feat. Kendrick Lamar),Red Pill Blues (Deluxe),Maroon 5,Red Pill Blues,1,14,214265,spotify:track:5o3GnrcFtvkdf3zFznuSbA
239,"Maroon 5, Future",Cold (feat. Future),Red Pill Blues (Deluxe),Maroon 5,Red Pill Blues,1,15,234308,spotify:track:2NlTOhsAamXOaZciOXbITb
240,Maroon 5,Moves Like Jagger - Live In Manchester,Red Pill Blues (Deluxe),Maroon 5,Red Pill Blues,1,16,299573,spotify:track:6EvFLeZ3aUYoagV6K92cqq
241,Maroon 5,Stereo Hearts - Live In Manchester,Red Pill Blues (Deluxe),Maroon 5,Red Pill Blues,1,17,222680,spotify:track:7wXjEQzlkeyzuOeGvv3Gkv
242,Maroon 5,Animals - Live In Manchester,Red Pill Blues (Deluxe),Maroon 5,Red Pill Blues,1,18,270840,spotify:track:5wr2eH56im5zU7bgmoiTus
243,Maroon 5,Daylight - Live In Manchester,Red Pill Blues (Deluxe),Maroon 5,Red Pill Blues,1,19,416400,spotify:track:6gHOuLzy1E9QbV0B7Z4iI9
244,Maroon 5,Maps - Live In Manchester,Red Pill Blues (Deluxe),Maroon 5,Red Pill Blues,1,20,262533,spotify:track:69UCc4p7AVm3FHUo6vKuYJ
245,Maroon 5,This Love - Live In Manchester,Red Pill Blues (Deluxe),Maroon 5,Red Pill Blues,1,21,301973,spotify:track:2XP9LYVKKUoEDtx05Yonbq
246,"Maroon 5, Cardi B",Girls Like You (feat. Cardi B) - Cardi B Version,Red Pill Blues (Deluxe),Maroon 5,Red Pill Blues,1,22,235545,spotify:track:7fa9MBXhVfQ8P8Df9OEbD8
247,Maroon 5,One More Night,Overexposed (Deluxe),Maroon 5,Overexposed,1,1,219493,spotify:track:5sSjntBXVmtJLCcMlJP5Qb
248,"Maroon 5, Wiz Khalifa",Payphone - Edit,Overexposed (Deluxe),Maroon 5,Overexposed,1,2,231373,spotify:track:5cy3CNTBZbX8vZUIsu4p7K
249,Maroon 5,Daylight,Overexposed (Deluxe),Maroon 5,Overexposed,1,3,225306,spotify:track:7e2AYYiGkqxeVv7QkOyqM1
250,Maroon 5,Lucky Strike,Overexposed (Deluxe),Maroon 5,Overexposed,1,4,185293,spotify:track:06hGqBU8CP78A1QZA6sec9
251,Maroon 5,The Man Who Never Lied,Overexposed (Deluxe),Maroon 5,Overexposed,1,5,205186,spotify:track:6tWkTeLF2WmjTA1cyS2QEp
252,Maroon 5,Love Somebody,Overexposed (Deluxe),Maroon 5,Overexposed,1,6,229813,spotify:track:3UBVRfcLmyHmN6e7gdqlMt
253,Maroon 5,Ladykiller,Overexposed (Deluxe),Maroon 5,Overexposed,1,7,163973,spotify:track:0Tfik5OfJGHQhnwYWPUyo6
254,Maroon 5,Fortune Teller,Overexposed (Deluxe),Maroon 5,Overexposed,1,8,203453,spotify:track:4mNYQAH3X5Ja0Adrlt94iS
255,Maroon 5,Sad,Overexposed (Deluxe),Maroon 5,Overexposed,1,9,194200,spotify:track:7oU8e9iY9m98G1SccABkXc
256,Maroon 5,Tickets,Overexposed (Deluxe),Maroon 5,Overexposed,1,10,209026,spotify:track:0xwIPGAxZ0gZNa9k7futYF
257,Maroon 5,Doin’ Dirt,Overexposed (Deluxe),Maroon 5,Overexposed,1,11,211413,spotify:track:5hYX24WbTQZ1aypvoIcLyk
258,Maroon 5,Beautiful Goodbye,Overexposed (Deluxe),Maroon 5,Overexposed,1,12,255266,spotify:track:1wqXWUEMXcVsdD3CFFXAMd
259,Maroon 5,Wipe Your Eyes,Overexposed (Deluxe),Maroon 5,Overexposed,1,13,214853,spotify:track:2R3xYIBgCPatvdPRwceB3C
260,Maroon 5,Wasted Years,Overexposed (Deluxe),Maroon 5,Overexposed,1,14,212693,spotify:track:3d1Rl07pmCx3nI1DfAnZU8
261,Maroon 5,Let’s Stay Together,Overexposed (Deluxe),Maroon 5,Overexposed,1,15,203880,spotify:track:6L6nd7wYr53uFhnRVfkPME
262,Nat King Cole,Straighten Up And Fly Right,The Nat King Cole Story,Nat King Cole,The Very Best of Nat King Cole,1,1,156493,spotify:track:3vXRZhHnVB3Z5scbRgH1ah
263,Nat King Cole,Sweet Lorraine,The Nat King Cole Story,Nat King Cole,The Very Best of Nat King Cole,1,2,202200,spotify:track:3RbkATWswzKeNDJUZZL2jL
264,Nat King Cole,It's Only A Paper Moon,The Nat King Cole Story,Nat King Cole,The Very Best of Nat King Cole,1,3,177733,spotify:track:7pVEMg7yPouZrE6h6iZAgy
265,Nat King Cole,(Get Your Kicks On) Route 66,The Nat King Cole Story,Nat King Cole,The Very Best of Nat King Cole,1,4,176133,spotify:track:6AlmudWNrmyqohVSV7Vgib
266,Nat King Cole,(I Love You) For Sentimental Reasons,The Nat King Cole Story,Nat King Cole,The Very Best of Nat King Cole,1,5,184466,spotify:track:5QnCtH7euld6R68UwcWrte
267,Nat King Cole,The Christmas Song (Merry Christmas To You),The Nat King Cole Story,Nat King Cole,The Very Best of Nat King Cole,1,6,190973,spotify:track:5humEOJehpAwMJEJmb0JJ2
268,Nat King Cole,Nature Boy,The Nat King Cole Story,Nat King Cole,The Very Best of Nat King Cole,1,7,173533,spotify:track:2WMyu5IYgxEuCd6xgFgJrl
269,Nat King Cole,Lush Life,The Nat King Cole Story,Nat King Cole,The Very Best of Nat King Cole,1,8,226360,spotify:track:7ls9IFeCDuAdOcBKosMxyK
270,Nat King Cole,Calypso Blues,The Nat King Cole Story,Nat King Cole,The Very Best of Nat King Cole,1,9,205466,spotify:track:3nknJ9HfPp8kenflkhr0yZ
271,Nat King Cole,Mona Lisa,The Nat King Cole Story,Nat King Cole,The Very Best of Nat King Cole,1,10,207573,spotify:track:3k5ycyXX5qsCjLd7R2vphp
272,Nat King Cole,Orange Colored Sky - As Heard on “Fallout” (Series),The Nat King Cole Story,Nat King Cole,The Very Best of Nat King Cole,1,11,153866,spotify:track:6fUDNcmsnnUVyOtEnA9xdC
273,Nat King Cole,Too Young,The Nat King Cole Story,Nat King Cole,The Very Best of Nat King Cole,1,12,204626,spotify:track:0zII0Soax7wbm3Avw7iVAd
274,Nat King Cole,Unforgettable,The Nat King Cole Story,Nat King Cole,The Very Best of Nat King Cole,1,13,207440,spotify:track:3eQwtgoiVKbaYuX0ITe2fU
275,Nat King Cole,Somewhere Along The Way,The Nat King Cole Story,Nat King Cole,The Very Best of Nat King Cole,1,14,180200,spotify:track:4bPm2wGVRZefC9tRZKZXJR
276,Nat King Cole,Walkin' My Baby Back Home,The Nat King Cole Story,Nat King Cole,The Very Best of Nat King Cole,1,15,162560,spotify:track:6w3vOOCYNRf3q8B0NjK2Fd
277,Nat King Cole,Pretend,The Nat King Cole Story,Nat King Cole,The Very Best of Nat King Cole,1,16,165973,spotify:track:7kQcaZT5oMHKET2YzDu8DR
278,Nat King Cole,Blue Gardenia,The Nat King Cole Story,Nat King Cole,The Very Best of Nat King Cole,1,17,184293,spotify:track:32TJxpEQBniETQ3ne69YIe
279,Nat King Cole,I Am In Love - Remastered,The Nat King Cole Story,Nat King Cole,The Very Best of Nat King Cole,1,18,153866,spotify:track:3NXL2cWfgMtADlnh4nLrp7
280,Nat King Cole,"Answer Me, My Love",The Nat King Cole Story,Nat King Cole,The Very Best of Nat King Cole,2,1,175600,spotify:track:4i7bU18iUPKxPMrld9W48M
281,Nat King Cole,Smile,The Nat King Cole Story,Nat King Cole,The Very Best of Nat King Cole,2,2,173266,spotify:track:1oDCK7PW72XEZ1pE5rh87A
282,Nat King Cole,"Darling, Je Vous Aime Beaucoup - Remastered",The Nat King Cole Story,Nat King Cole,The Very Best of Nat King Cole,2,3,169000,spotify:track:2nkXPjW9QGeEEhvC0HL0yp
283,Nat King Cole,The Sand And The Sea - Remastered,The Nat King Cole Story,Nat King Cole,The Very Best of Nat King Cole,2,4,161000,spotify:track:0aNIRnSGlsty5hw1ogos72
284,Nat King Cole,If I May,The Nat King Cole Story,Nat King Cole,The Very Best of Nat King Cole,2,5,177626,spotify:track:0CHnZHSNhsNLkLEwSpCQma
285,Nat King Cole,A Blossom Fell,The Nat King Cole Story,Nat King Cole,The Very Best of Nat King Cole,2,6,161773,spotify:track:35eRfaVytfTFAr8QKX5urU
286,Nat King Cole,To The Ends Of The Earth - Remastered,The Nat King Cole Story,Nat King Cole,The Very Best of Nat King Cole,2,7,145226,spotify:track:44QpcUOhq2u0GNzfvO1WBm
287,Nat King Cole,Night Lights,The Nat King Cole Story,Nat King Cole,The Very Best of Nat King Cole,2,8,168933,spotify:track:4pM7r5JQ38Ze2F8P3NWlHq
288,Nat King Cole,Ballerina,The Nat King Cole Story,Nat King Cole,The Very Best of Nat King Cole,2,9,161733,spotify:track:0Cw5cC5ji0iP7UNvgF0oit
289,Nat King Cole,Stardust,The Nat King Cole Story,Nat King Cole,The Very Best of Nat King Cole,2,10,194040,spotify:track:4YPYFUATiul0877A1HhSlW
290,Nat King Cole,Send For Me,The Nat King Cole Story,Nat King Cole,The Very Best of Nat King Cole,2,11,150226,spotify:track:1x70VF9nu0CVFRvk70xOlR
291,Nat King Cole,St. Louis Blues,The Nat King Cole Story,Nat King Cole,The Very Best of Nat King Cole,2,12,145133,spotify:track:5P2HpcCA0NIBpQEgVnh4o7
292,Nat King Cole,Looking Back,The Nat King Cole Story,Nat King Cole,The Very Best of Nat King Cole,2,13,146373,spotify:track:1EKaxPuCNyvEX4kZs5pcdK
293,Nat King Cole,Non Dimenticar,The Nat King Cole Story,Nat King Cole,The Very Best of Nat King Cole,2,14,187200,spotify:track:7eC0hWA0WSAaZvPM0t38lv
294,Nat King Cole,Paradise,The Nat King Cole Story,Nat King Cole,The Very Best of Nat King Cole,2,15,191093,spotify:track:4t62trpfd0Rgwfjqoyg55T
295,Nat King Cole,"Oh, Mary, Don't You Weep",The Nat King Cole Story,Nat King Cole,The Very Best of Nat King Cole,2,16,115906,spotify:track:3emvsbWpxKVoQDuFfxI0J7
296,Nat King Cole,"Ay, Cosita Linda",The Nat King Cole Story,Nat King Cole,The Very Best of Nat King Cole,2,17,134026,spotify:track:7bAd79zFRcjUMa1esocFyy
297,Nat King Cole,Wild Is Love,The Nat King Cole Story,Nat King Cole,The Very Best of Nat King Cole,2,18,168266,spotify:track:59XIA3BmEng7B31LUZfdjO
298,Joshua Radin,Sundrenched World,We Were Here,Joshua Radin,We Were Here,1,1,268453,spotify:track:1fNFqkQgRpF0b0HxQcBFk7
299,Joshua Radin,Star Mile,We Were Here,Joshua Radin,We Were Here,1,2,242000,spotify:track:5VaJ9leHPd2aDgvrGBMD39
300,Joshua Radin,Everything'll Be Alright (Will's Lullaby),We Were Here,Joshua Radin,We Were Here,1,3,160453,spotify:track:5ULhLmoyMiCyd3a2pQZYsw
301,Joshua Radin,These Photographs,We Were Here,Joshua Radin,We Were Here,1,4,205760,spotify:track:0peo1wZlY73ZoGCUh6MXnZ
302,Joshua Radin,Closer,We Were Here,Joshua Radin,We Were Here,1,5,172880,spotify:track:5QdS1gpcwIcGzLMcePAg7s
303,Joshua Radin,Today,We Were Here,Joshua Radin,We Were Here,1,6,206773,spotify:track:7K3WI7yhmF2COWr5Iis7Sy
304,Joshua Radin,Winter,We Were Here,Joshua Radin,We Were Here,1,7,203773,spotify:track:4VuHWU01C36BUaN1adNi5M
305,Joshua Radin,Someone Else's Life,We Were Here,Joshua Radin,We Were Here,1,8,211280,spotify:track:5VFMszoDJJEs69aHuadoOq
306,Joshua Radin,Amy's Song,We Were Here,Joshua Radin,We Were Here,1,9,219800,spotify:track:2AjuWMmf0zqG5YdAluuyOf
307,Joshua Radin,What If You,We Were Here,Joshua Radin,We Were Here,1,10,274213,spotify:track:61qJK0kQLxYZE8h04mObsQ
308,Joshua Radin,Only You,We Were Here,Joshua Radin,We Were Here,1,11,149013,spotify:track:2ZaYFNn1YQuLSVdHhanr4Q
309,"Joshua Radin, Imogen Heap",Only You - Imogen Heap Mix,We Were Here,Joshua Radin,We Were Here,1,12,153466,spotify:track:0xiURwWXD5j1kLylLDfbSI
310,Joshua Radin,Tomorrow Is Gonna Be Better,Underwater (Deluxe),Joshua Radin,Underwater,1,1,169434,spotify:track:1G7A22Tqqkckxex1R0MCXm
311,Joshua Radin,Anywhere Your Love Goes,Underwater (Deluxe),Joshua Radin,Underwater,1,2,179373,spotify:track:5R9HsYLRhjSnznp4HOr99o
312,Joshua Radin,Let It Go,Underwater (Deluxe),Joshua Radin,Underwater,1,3,166253,spotify:track:7xOyedgrg2KWnqOaA2JwYk
313,Joshua Radin,Five and Dime,Underwater (Deluxe),Joshua Radin,Underwater,1,4,185866,spotify:track:1MfCkonE0LY5huhr3Nvs3E
314,Joshua Radin,Here's Where We Begin,Underwater (Deluxe),Joshua Radin,Underwater,1,5,174866,spotify:track:29K0Jbzl2Q9tnXe8biOKm2
315,Joshua Radin,Underwater,Underwater (Deluxe),Joshua Radin,Underwater,1,6,284360,spotify:track:4c59d5TKSNupw3GgimdMRm
316,Joshua Radin,Everything,Underwater (Deluxe),Joshua Radin,Underwater,1,7,183800,spotify:track:6ExD4KSxvN8do3zIVkVAj7
317,Joshua Radin,Lost at Home,Underwater (Deluxe),Joshua Radin,Underwater,1,8,146400,spotify:track:4RYDajJF8yh2bbLRhFFNoX
318,Joshua Radin,One More,Underwater (Deluxe),Joshua Radin,Underwater,1,9,164560,spotify:track:4oCgbsHrS2Lh645ohbsXPa
319,Joshua Radin,The Greenest Grass,Underwater (Deluxe),Joshua Radin,Underwater,1,10,224840,spotify:track:4fXZyAo9qDwtvm7PoKP2av
320,Joshua Radin,The Willow,Underwater (Deluxe),Joshua Radin,Underwater,1,11,207906,spotify:track:0takamjYLurPHyaLmKabZC
321,Joshua Radin,Any Day Now,Underwater (Deluxe),Joshua Radin,Underwater,1,12,213455,spotify:track:76yCdI36gJj0xr6dREaVqu
322,Joshua Radin,So Long Sunshine,Underwater (Deluxe),Joshua Radin,Underwater,1,13,220134,spotify:track:0v1jtD4kzf4mSY0liMntET
323,Joshua Radin,Running out of Time,Underwater (Deluxe),Joshua Radin,Underwater,1,14,215730,spotify:track:2pHmaxM0QrdHXNKvGdaejp
324,Joshua Radin,Where You Belong,Underwater (Deluxe),Joshua Radin,Underwater,1,15,183698,spotify:track:0T4MS8sWEmDuPaJthrXjhr
325,Joshua Radin,She's so Right,Underwater (Deluxe),Joshua Radin,Underwater,1,16,170000,spotify:track:01uy6oIqivFnxgfSVeVVwH
326,Joshua Radin,One Of Those Days,Simple Times,Joshua Radin,Simple Times,1,1,182506,spotify:track:2a75XpWrRG7NBKH2kuVO2W
327,Joshua Radin,I'd Rather Be With You,Simple Times,Joshua Radin,Simple Times,1,2,169213,spotify:track:7G2LrUhaD9VO66zvg0Tqf4
328,Joshua Radin,Sky,Simple Times,Joshua Radin,Simple Times,1,3,204400,spotify:track:37Hn9udhaNbqC9cCsLmpsH
329,Joshua Radin,Friend Like You,Simple Times,Joshua Radin,Simple Times,1,4,140400,spotify:track:3mPTstKxJWA3w34LH1nBtP
330,Joshua Radin,Brand New Day,Simple Times,Joshua Radin,Simple Times,1,5,211640,spotify:track:0N5vDJh5NXrAC5SSIvxBZO
331,Joshua Radin,They Bring Me To You,Simple Times,Joshua Radin,Simple Times,1,6,238893,spotify:track:1Faieor749fCguOVSY1KWI
332,Joshua Radin,Vegetable Car,Simple Times,Joshua Radin,Simple Times,1,7,181680,spotify:track:2Q7Fk3tIMORErY37WDwlik
333,Joshua Radin,Free Of Me,Simple Times,Joshua Radin,Simple Times,1,8,155680,spotify:track:09aGP8tRZ46cIOem3OZlaM
334,"Joshua Radin, Patty Griffin",You Got Growin Up To Do,Simple Times,Joshua Radin,Simple Times,1,9,171680,spotify:track:63qcH7YggdBOTCVRJ3cxix
335,Joshua Radin,We Are Okay,Simple Times,Joshua Radin,Simple Times,1,10,161946,spotify:track:4jcDEAsh9WzBR4NTjGPkHP
336,Joshua Radin,No Envy No Fear,Simple Times,Joshua Radin,Simple Times,1,11,201040,spotify:track:1ZTXPcohvd8Vx3UBPnnkYc
337,Jack Johnson,Upside Down,Sing-A-Longs & Lullabies For The Film Curious George,Jack Johnson,Sing-A-Longs and Lullabies for the Film Curious George,1,1,208653,spotify:track:3YOigAKOgFTQuLjF9MBmd3
338,Jack Johnson,Broken,Sing-A-Longs & Lullabies For The Film Curious George,Jack Johnson,Sing-A-Longs and Lullabies for the Film Curious George,1,2,234746,spotify:track:5rrMQGPlxCtuU56NW7Yytc
339,Jack Johnson,People Watching,Sing-A-Longs & Lullabies For The Film Curious George,Jack Johnson,Sing-A-Longs and Lullabies for the Film Curious George,1,3,198213,spotify:track:798yndAWMDoe8e6CKEVQmC
340,Jack Johnson,Wrong Turn,Sing-A-Longs & Lullabies For The Film Curious George,Jack Johnson,Sing-A-Longs and Lullabies for the Film Curious George,1,4,173373,spotify:track:6G0dPPEUPUDOfF6KwvOmDM
341,"Jack Johnson, Kawika Kahiapo",Talk Of The Town,Sing-A-Longs & Lullabies For The Film Curious George,Jack Johnson,Sing-A-Longs and Lullabies for the Film Curious George,1,5,202360,spotify:track:2rbbEHGO0YT6wXAO6V30sj
342,"Jack Johnson, G. Love & Special Sauce",Jungle Gym,Sing-A-Longs & Lullabies For The Film Curious George,Jack Johnson,Sing-A-Longs and Lullabies for the Film Curious George,1,6,142800,spotify:track:2TQQiHYy75bGfxfGxcmb1U
343,Jack Johnson,We're Going To Be Friends,Sing-A-Longs & Lullabies For The Film Curious George,Jack Johnson,Sing-A-Longs and Lullabies for the Film Curious George,1,7,137546,spotify:track:7LDCut2pYY9PXOy5o8aQEz
344,Jack Johnson,The Sharing Song,Sing-A-Longs & Lullabies For The Film Curious George,Jack Johnson,Sing-A-Longs and Lullabies for the Film Curious George,1,8,165013,spotify:track:2pJno97Lp5Q8zBo9cpMNLU
345,Jack Johnson,The 3 R's,Sing-A-Longs & Lullabies For The Film Curious George,Jack Johnson,Sing-A-Longs and Lullabies for the Film Curious George,1,9,174346,spotify:track:6MvbWjCoGy0IBHi5xqWPJB
346,"Jack Johnson, Matt Costa",Lullaby,Sing-A-Longs & Lullabies For The Film Curious George,Jack Johnson,Sing-A-Longs and Lullabies for the Film Curious George,1,10,167253,spotify:track:3koMMMP2Ra6KVPru8XMsXQ
347,"Jack Johnson, Ben Harper",My Own Two Hands,Sing-A-Longs & Lullabies For The Film Curious George,Jack Johnson,Sing-A-Longs and Lullabies for the Film Curious George,1,11,178373,spotify:track:072YQfEAJbzIQ4chPW0kBR
348,Jack Johnson,Questions,Sing-A-Longs & Lullabies For The Film Curious George,Jack Johnson,Sing-A-Longs and Lullabies for the Film Curious George,1,12,248946,spotify:track:4bNQ6m2nM6u2C2N1Z4bVfG
349,Jack Johnson,Supposed To Be,Sing-A-Longs & Lullabies For The Film Curious George,Jack Johnson,Sing-A-Longs and Lullabies for the Film Curious George,1,13,174200,spotify:track:1iWgoo8L4lCw8KtAah8G5J
350,Jack Johnson,The 3 R's - Money Mark Remix,Sing-A-Longs & Lullabies For The Film Curious George,Jack Johnson,Sing-A-Longs and Lullabies for the Film Curious George,1,14,146186,spotify:track:1YBMarBXpmlq6wq9MdP8OY
351,Bon Jovi,It's My Life,Crush,Bon Jovi,Crush,1,1,224493,spotify:track:0v1XpBHnsbkCn7iJ9Ucr1l
352,Bon Jovi,Say It Isn't So,Crush,Bon Jovi,Crush,1,2,213333,spotify:track:4Dnnchb3a2hx3HlUfF9DXE
353,Bon Jovi,Thank You For Loving Me,Crush,Bon Jovi,Crush,1,3,308933,spotify:track:577MNC3o3L0lNIzx9abqOk
354,Bon Jovi,Two Story Town,Crush,Bon Jovi,Crush,1,4,310266,spotify:track:5ZH9eXVK1rs0NboOhvY86Y
355,Bon Jovi,Next 100 Years,Crush,Bon Jovi,Crush,1,5,379173,spotify:track:6ALxuARAwzq5f6FB2glgPm
356,Bon Jovi,Just Older,Crush,Bon Jovi,Crush,1,6,268760,spotify:track:1DJHDVTIqjYYeVobsD7iHR
357,Bon Jovi,Mystery Train,Crush,Bon Jovi,Crush,1,7,314533,spotify:track:0PwTuWD0E6AR406BtUoo7H
358,Bon Jovi,Save The World,Crush,Bon Jovi,Crush,1,8,331973,spotify:track:3yiSTNzBf37u2FxiXjL6kJ
359,Bon Jovi,Captain Crash & The Beauty Queen From Mars,Crush,Bon Jovi,Crush,1,9,271333,spotify:track:2svCszTLVUf8K6woN74Svl
360,Bon Jovi,She's A Mystery,Crush,Bon Jovi,Crush,1,10,318093,spotify:track:1bmgG7WxQGyDzdDf5ySBQ7
361,Bon Jovi,I Got The Girl,Crush,Bon Jovi,Crush,1,11,276666,spotify:track:0Gjq7axbGUh8ZbCeoLFTKK
362,Bon Jovi,One Wild Night,Crush,Bon Jovi,Crush,1,12,282533,spotify:track:03LGpDYgqaaj2TuX5Sj7CS
363,James Blunt,Face the Sun,Moon Landing,James Blunt,Moon Landing,1,1,243506,spotify:track:7Huz4975w44hN9g6eYKckj
364,James Blunt,Satellites,Moon Landing,James Blunt,Moon Landing,1,2,192520,spotify:track:6MSZ8tT43gdvYAtVgqNie2
365,James Blunt,Bonfire Heart,Moon Landing,James Blunt,Moon Landing,1,3,238000,spotify:track:2N0volXQpwsvjDorTTxBAU
366,James Blunt,Heart to Heart,Moon Landing,James Blunt,Moon Landing,1,4,209000,spotify:track:42HahcHBg5yyIPkRIqEK19
367,James Blunt,Miss America,Moon Landing,James Blunt,Moon Landing,1,5,187506,spotify:track:1Dcqe5hyUfVH06dt9jhgQT
368,James Blunt,The Only One,Moon Landing,James Blunt,Moon Landing,1,6,221506,spotify:track:6TmNSOvaQOBD917SBgnGmP
369,James Blunt,Sun on Sunday,Moon Landing,James Blunt,Moon Landing,1,7,198000,spotify:track:7D0K27VklT8W106z4CyyN5
370,James Blunt,Bones,Moon Landing,James Blunt,Moon Landing,1,8,173000,spotify:track:1lelLJnFeYlZoaTGBG6cTP
371,James Blunt,Always Hate Me,Moon Landing,James Blunt,Moon Landing,1,9,217000,spotify:track:4Jxpl6VyiKxq8okAnvJjzE
372,James Blunt,Postcards,Moon Landing,James Blunt,Moon Landing,1,10,286973,spotify:track:0nS5Sgk5fMGT8dUC1L7OvG
373,James Blunt,Blue on Blue,Moon Landing,James Blunt,Moon Landing,1,11,233000,spotify:track:7AcnBSeMbrqAELZnIhIpIB
374,Bob Dylan,Like a Rolling Stone,Highway 61 Revisited,Bob Dylan,Highway 61 Revisited,1,1,371713,spotify:track:3AhXZa8sUQht0UEdBJgpGc
375,Bob Dylan,Tombstone Blues,Highway 61 Revisited,Bob Dylan,Highway 61 Revisited,1,2,360723,spotify:track:5JqsRFZYDtIK5Rgeuzd2Jv
376,Bob Dylan,"It Takes a Lot to Laugh, It Takes a Train to Cry",Highway 61 Revisited,Bob Dylan,Highway 61 Revisited,1,3,249116,spotify:track:2yaf46YMxA5y6bzmWUKgXC
377,Bob Dylan,From a Buick 6,Highway 61 Revisited,Bob Dylan,Highway 61 Revisited,1,4,199093,spotify:track:6txGFpco4cfgG1sA1MxLCp
378,Bob Dylan,Ballad of a Thin Man,Highway 61 Revisited,Bob Dylan,Highway 61 Revisited,1,5,357546,spotify:track:0f5N14nB8xi0p3o4BlVvbx
379,Bob Dylan,Queen Jane Approximately,Highway 61 Revisited,Bob Dylan,Highway 61 Revisited,1,6,331426,spotify:track:0c2DAekH6ZEnHhf8dM1leK
380,Bob Dylan,Highway 61 Revisited,Highway 61 Revisited,Bob Dylan,Highway 61 Revisited,1,7,210188,spotify:track:6os5B6xjuke9YfBKH3tu1e
381,Bob Dylan,Just Like Tom Thumb's Blues,Highway 61 Revisited,Bob Dylan,Highway 61 Revisited,1,8,331825,spotify:track:0V1771LhL3tG36pb55EZAH
382,Bob Dylan,Desolation Row,Highway 61 Revisited,Bob Dylan,Highway 61 Revisited,1,9,679838,spotify:track:4n1ZGm3TxYmoYe1YR8cMus
383,Eminem,Curtains Up - Skit,The Eminem Show,Eminem,The Eminem Show,1,1,29826,spotify:track:0ttF21hZCPw2merE3GsHcP
384,Eminem,White America,The Eminem Show,Eminem,The Eminem Show,1,2,324546,spotify:track:15qrWkkYCfmtu1uRpGf48L
385,Eminem,Business,The Eminem Show,Eminem,The Eminem Show,1,3,251720,spotify:track:0x60P5taxdI5pcGbqbap6S
386,Eminem,Cleanin' Out My Closet,The Eminem Show,Eminem,The Eminem Show,1,4,297840,spotify:track:7BMO7O7ImjV8HNTH74Tshv
387,Eminem,Square Dance,The Eminem Show,Eminem,The Eminem Show,1,5,323720,spotify:track:27mgDrExPa3obPAYXd3yQg
388,Eminem,The Kiss - Skit,The Eminem Show,Eminem,The Eminem Show,1,6,75920,spotify:track:2J3CYFUn6eAuHz5S9IKape
389,Eminem,Soldier,The Eminem Show,Eminem,The Eminem Show,1,7,226213,spotify:track:5QD28FqaM3jTfsqWwvRZwv
390,Eminem,Say Goodbye Hollywood,The Eminem Show,Eminem,The Eminem Show,1,8,272840,spotify:track:288e3FhmVuCqPmNEfAH0h6
391,"Eminem, Obie Trice",Drips,The Eminem Show,Eminem,The Eminem Show,1,9,285640,spotify:track:7io19rjxOFu3pGuZgBI6Pk
392,Eminem,Without Me,The Eminem Show,Eminem,The Eminem Show,1,10,290320,spotify:track:7lQ8MOhq6IN2w8EYcFNSUk
393,Eminem,Paul Rosenberg - Skit,The Eminem Show,Eminem,The Eminem Show,1,11,22746,spotify:track:0EgkVzDidmq4MP57jZFeik
394,Eminem,Sing For The Moment,The Eminem Show,Eminem,The Eminem Show,1,12,339546,spotify:track:3CpoeW0cZSDzIRv5z34F87
395,"Eminem, Dina Rae",Superman,The Eminem Show,Eminem,The Eminem Show,1,13,350320,spotify:track:4woTEX1wYOTGDqNXuavlRC
396,Eminem,Hailie's Song,The Eminem Show,Eminem,The Eminem Show,1,14,320640,spotify:track:6Db8IlZ7YY1pfIjJllejyH
397,Eminem,Steve Berman - Skit,The Eminem Show,Eminem,The Eminem Show,1,15,33106,spotify:track:5ZxX55HFfi4aofGTxMp58x
398,"Eminem, D12",When The Music Stops,The Eminem Show,Eminem,The Eminem Show,1,16,269013,spotify:track:73qINA7ccO03wxD8nsJalr
399,"Eminem, Dr. Dre",Say What You Say,The Eminem Show,Eminem,The Eminem Show,1,17,309893,spotify:track:4EQkcrSLF3QdlwNca7sMXY
400,"Eminem, Nate Dogg",Till I Collapse,The Eminem Show,Eminem,The Eminem Show,1,18,297786,spotify:track:4xkOaSrkexMciUUogZKVTS
401,"Eminem, Hailie Jade",My Dad's Gone Crazy,The Eminem Show,Eminem,The Eminem Show,1,19,267013,spotify:track:3F14hbIqy1JKKLTb1mzdYV
402,Eminem,Curtains Close,The Eminem Show,Eminem,The Eminem Show,1,20,61866,spotify:track:51LeDAMy6nWqKdjVo7jK4j
403,"Philip Bailey, Phil Collins",Easy Lover,The Singles,Phil Collins,...Hits,1,1,303746,spotify:track:5LYJ631w9ps5h9tdvac7yP
404,Phil Collins,Two Hearts - 2016 Remaster,The Singles,Phil Collins,...Hits,1,2,204266,spotify:track:3mbikJiGsRDavmAEw0Demc
405,Phil Collins,Sussudio - 2016 Remaster,The Singles,Phil Collins,...Hits,1,3,263106,spotify:track:6RL313g1FMEKmivaJclrXP
406,Phil Collins,I Missed Again - 2015 Remaster,The Singles,Phil Collins,...Hits,1,4,224106,spotify:track:6KGXQfkR2hmcuMh0tEKzgH
407,Phil Collins,Wear My Hat - 2016 Remaster,The Singles,Phil Collins,...Hits,1,5,282786,spotify:track:22lLhH6WTqum9WOXg9KWwX
408,Phil Collins,Don't Lose My Number - 2016 Remaster,The Singles,Phil Collins,...Hits,1,6,288533,spotify:track:6jIt3SVMR6xlrtXE4Ez6ds
409,Phil Collins,You Can't Hurry Love - 2016 Remaster,The Singles,Phil Collins,...Hits,1,7,174080,spotify:track:4RbZC2r7tQe03GeusalOwC
410,Phil Collins,Something Happened on the Way to Heaven - 2016 Remaster,The Singles,Phil Collins,...Hits,1,8,291586,spotify:track:5fKwsXn0vlwjV8UW0bswwU
411,Phil Collins,We Wait and We Wonder - 2015 Remaster,The Singles,Phil Collins,...Hits,1,9,420386,spotify:track:7cXOZ73UAKNJ5xQIVcJL79
412,Phil Collins,Can't Stop Loving You - 2016 Remaster,The Singles,Phil Collins,...Hits,1,10,256799,spotify:track:1AVaegz7sSlUcFDz4y2lCg
413,Phil Collins,Dance into the Light - 2016 Remaster,The Singles,Phil Collins,...Hits,1,11,263920,spotify:track:3VwVNiSrOT25KzXN5Vw1Qe
414,Phil Collins,It's in Your Eyes - 2016 Remaster,The Singles,Phil Collins,...Hits,1,12,184600,spotify:track:5czXfw3rCCUzPsmgkAE2yA
415,Phil Collins,Hang in Long Enough - 2016 Remaster,The Singles,Phil Collins,...Hits,1,13,284906,spotify:track:0ravApW7lrMa7AIm1eyOlM
416,Phil Collins,Thru These Walls - 2016 Remaster,The Singles,Phil Collins,...Hits,1,14,304986,spotify:track:3aPmVVEU2dVkMO2TccpgHb
417,Phil Collins,I Wish It Would Rain Down - 2016 Remaster,The Singles,Phil Collins,...Hits,1,15,328933,spotify:track:5EgJmdHDzAwyX84lu3idQm
418,Phil Collins,Both Sides of the Story - 2015 Remaster,The Singles,Phil Collins,...Hits,1,16,402533,spotify:track:4W5YHFtHyX2JbsvLMZUp1k
419,Phil Collins,(Love Is like A) Heatwave - 2016 Remaster,The Singles,Phil Collins,...Hits,1,17,172773,spotify:track:2Dx6OwbueJaZ3FHhNVLn3r
420,Phil Collins,Going Back - 2016 Remaster,The Singles,Phil Collins,...Hits,2,1,278933,spotify:track:69o5zbKcj2uKisfvnoDGpK
421,Phil Collins,In the Air Tonight - 2015 Remaster,The Singles,Phil Collins,...Hits,2,2,335973,spotify:track:0lLTc1wmgU3dE2xDZCkWVU
422,Phil Collins,Against All Odds (Take a Look at Me Now) - 2016 Remaster,The Singles,Phil Collins,...Hits,2,3,205413,spotify:track:3cKgbanUbfrBeoFQtO6rf5
423,Phil Collins,If Leaving Me Is Easy - 2015 Remaster,The Singles,Phil Collins,...Hits,2,4,296000,spotify:track:4KgCJKnbIODrxzH8uCjixY
424,Phil Collins,One More Night - 2016 Remaster,The Singles,Phil Collins,...Hits,2,5,288986,spotify:track:2bRa7muiAOPrkofYUTiO70
425,"Phil Collins, Marilyn Martin",Separate Lives - 2016 Remaster,The Singles,Phil Collins,...Hits,2,6,248080,spotify:track:2kutWXrLM96DH8Prv2Ce8g
426,Phil Collins,A Groovy Kind of Love - 2016 Remaster,The Singles,Phil Collins,...Hits,2,7,210333,spotify:track:7jIbME4XbPYCoDjCDaSAP8
427,Phil Collins,That's Just the Way It Is - 2016 Remaster,The Singles,Phil Collins,...Hits,2,8,320306,spotify:track:7cw2Vgy359X6c3Ey3e7hoJ
428,Phil Collins,Do You Remember? - 2016 Remaster,The Singles,Phil Collins,...Hits,2,9,276000,spotify:track:1a1VsD6cfedacDQGBSY3Ym
429,Phil Collins,Everyday - 2015 Remaster,The Singles,Phil Collins,...Hits,2,10,343480,spotify:track:3M1Xal4PCigZEk6lMCRuS6
430,Phil Collins,True Colors - 2016 Remaster,The Singles,Phil Collins,...Hits,2,11,274226,spotify:track:5Jw8HFCVMA8RPuFtZJugXy
431,Phil Collins,You'll Be in My Heart,The Singles,Phil Collins,...Hits,2,12,257773,spotify:track:1fTDYdx5zYfWJSX0JlKO8o
432,Phil Collins,The Least You Can Do - 2016 Remaster,The Singles,Phil Collins,...Hits,2,13,262520,spotify:track:1hjgfZfAXFIkbJ2whbpTbx
433,Brother Bear,Look Through My Eyes,The Singles,Phil Collins,...Hits,2,14,240146,spotify:track:0EK04d3US0GFEQKDuejfsD
434,Phil Collins,Another Day in Paradise - 2016 Remaster,The Singles,Phil Collins,...Hits,2,15,323053,spotify:track:27fAhqr9KHUUvIgS1nvgqr
435,Phil Collins,Take Me Home - 2016 Remaster,The Singles,Phil Collins,...Hits,2,16,353573,spotify:track:4jdt6muTuZWuJ5fbZr1JvF
436,Joshua Radin,Road to Ride On,The Rock and the Tide,Joshua Radin,The Rock and the Tide,1,1,182613,spotify:track:1C0cv86yIrP3qVCrERlAYg
437,Joshua Radin,Streetlight,The Rock and the Tide,Joshua Radin,The Rock and the Tide,1,2,209413,spotify:track:7zpaTwLccbT8m3lY0JDfFI
438,Joshua Radin,Here We Go,The Rock and the Tide,Joshua Radin,The Rock and the Tide,1,3,240293,spotify:track:2z7PHSk6s0ljnFM4ZhpHuu
439,Joshua Radin,We Are Only Getting Better,The Rock and the Tide,Joshua Radin,The Rock and the Tide,1,4,242360,spotify:track:544vSAvcj1e1MYNOo0bpCz
440,Joshua Radin,The Rock and the Tide,The Rock and the Tide,Joshua Radin,The Rock and the Tide,1,5,242546,spotify:track:047ZjOgsaIAsbSxExOL7jk
441,Joshua Radin,You Got What I Need,The Rock and the Tide,Joshua Radin,The Rock and the Tide,1,6,185173,spotify:track:3NknzcazwvS0EFQhyvWfNs
442,Joshua Radin,Nowhere to Go,The Rock and the Tide,Joshua Radin,The Rock and the Tide,1,7,257720,spotify:track:4kIpGEukriALaZs2CkCsOY
443,Joshua Radin,Think I'll Go Inside,The Rock and the Tide,Joshua Radin,The Rock and the Tide,1,8,256959,spotify:track:3mscPS6yh4kcetipeVIa86
444,Joshua Radin,The Ones With the Light,The Rock and the Tide,Joshua Radin,The Rock and the Tide,1,9,205773,spotify:track:047mgEtUXWmOgQZeSBg0Ho
445,Joshua Radin,You're Not as Young,The Rock and the Tide,Joshua Radin,The Rock and the Tide,1,10,177213,spotify:track:3QeGQRqHkFXMvmZ4TcmtCo
446,Joshua Radin,One Leap,The Rock and the Tide,Joshua Radin,The Rock and the Tide,1,11,201253,spotify:track:2nxbivPKGovISsm2p4OrXL
447,Joshua Radin,Wanted,The Rock and the Tide,Joshua Radin,The Rock and the Tide,1,12,166586,spotify:track:31DgAI7XpjH6Bh5TPWXmIa
448,Phil Collins,Wake up Call - 2016 Remaster,Testify (Deluxe Edition),Phil Collins,Testify,1,1,315933,spotify:track:1utX1ojMFsP77FrTPRo7F8
449,Phil Collins,Come with Me - 2016 Remaster,Testify (Deluxe Edition),Phil Collins,Testify,1,2,274226,spotify:track:2JoWfH6LABjC1VzWeggvdP
450,Phil Collins,Testify - 2016 Remaster,Testify (Deluxe Edition),Phil Collins,Testify,1,3,391520,spotify:track:4LNRM5kAfxwxUHfbFhndXx
451,Phil Collins,Don't Get Me Started - 2016 Remaster,Testify (Deluxe Edition),Phil Collins,Testify,1,4,281453,spotify:track:03Ljf7R9G4jHSxc1oYvrBO
452,Phil Collins,Swing Low - 2016 Remaster,Testify (Deluxe Edition),Phil Collins,Testify,1,5,308320,spotify:track:4nrTyJVYJJxaVTIGtfqx3k
453,Phil Collins,It's Not Too Late - 2016 Remaster,Testify (Deluxe Edition),Phil Collins,Testify,1,6,239653,spotify:track:3mCKETwMhnr5QZAU1GBAD0
454,Phil Collins,This Love This Heart - 2016 Remaster,Testify (Deluxe Edition),Phil Collins,Testify,1,7,244733,spotify:track:49yBeRcRrvFNWC5fmRNij2
455,Phil Collins,Driving Me Crazy - 2016 Remaster,Testify (Deluxe Edition),Phil Collins,Testify,1,8,277666,spotify:track:21yJb7beDkQ78jwv1Lhw3c
456,Phil Collins,The Least You Can Do - 2016 Remaster,Testify (Deluxe Edition),Phil Collins,Testify,1,9,261973,spotify:track:4pLhKHkdz3sojNTZAnrwFA
457,Phil Collins,Can't Stop Loving You - 2016 Remaster,Testify (Deluxe Edition),Phil Collins,Testify,1,10,256453,spotify:track:2W6PNGCN4PGwPMf1jYazL4
458,Phil Collins,Thru My Eyes - 2016 Remaster,Testify (Deluxe Edition),Phil Collins,Testify,1,11,307866,spotify:track:0i4W8Mb2fFByUq1fWWc60U
459,Phil Collins,You Touch My Heart - 2016 Remaster,Testify (Deluxe Edition),Phil Collins,Testify,1,12,286400,spotify:track:7FPEri9ho3B8E1PtDO6Gyp
460,Phil Collins,High Flying Angel - B-Side; 2016 Remaster,Testify (Deluxe Edition),Phil Collins,Testify,2,1,283066,spotify:track:74tRrkn2zHeg2hqPsT0sAF
461,Phil Collins,Crystal Clear - B-side; 2016 Remaster,Testify (Deluxe Edition),Phil Collins,Testify,2,2,185506,spotify:track:3OOTAH41wMfnhM2i8mTY65
462,Phil Collins,"Hey, Now Sunshine - B-Side; 2016 Remaster",Testify (Deluxe Edition),Phil Collins,Testify,2,3,302053,spotify:track:5eTmjdRVX8xrfLXAnnbcOj
463,Phil Collins,TV Story - B-side; 2016 Remaster,Testify (Deluxe Edition),Phil Collins,Testify,2,4,245920,spotify:track:0W1FRzmA0Fcjh2MS96Q4r1
464,Phil Collins,True Colors - Live Rehearsal; 2016 Remaster,Testify (Deluxe Edition),Phil Collins,Testify,2,5,331573,spotify:track:1qBT18Q6wl74RlCbGFgLfY
465,Phil Collins,Come with Me - Live 2004,Testify (Deluxe Edition),Phil Collins,Testify,2,6,313333,spotify:track:2Ug5IegOdbY4anP4PLLqPm
466,Phil Collins,It's Not Too Late - Live; 2016 Remaster,Testify (Deluxe Edition),Phil Collins,Testify,2,7,243426,spotify:track:3Cyo8qvfzfxys8nD4y3duQ
467,Phil Collins,Can't Stop Loving You - Live 2004,Testify (Deluxe Edition),Phil Collins,Testify,2,8,273933,spotify:track:2Or264yxWEBy9XwJqYDaSQ
468,Phil Collins,It's Only Loving - Demo,Testify (Deluxe Edition),Phil Collins,Testify,2,9,322466,spotify:track:50Kp7KdGdlT4rinwjYIqkp
469,Phil Collins,Tearing and Breaking - Demo; 2016 Remaster,Testify (Deluxe Edition),Phil Collins,Testify,2,10,343880,spotify:track:6KVkmsfQUcJLFnkaRq7dIt
470,"Queen, Elton John","The Show Must Go On (feat. Elton John) - Live / Theatre National de Chaillot, Paris / 1997",Greatest Hits III,Queen,Greatest Hits III,1,1,275360,spotify:track:0PBUPD2RUjvM9LC7U9YZ0L
471,"Queen, David Bowie, Justin Shirley-Smith, Joshua J. Macrae",Under Pressure (feat. David Bowie) - Rah Mix,Greatest Hits III,Queen,Greatest Hits III,1,2,248666,spotify:track:16EqOJZWEEDij8DhbdOYco
472,"Freddie Mercury, Montserrat Caballé",Barcelona - Single Version,Greatest Hits III,Queen,Greatest Hits III,1,3,265440,spotify:track:4KzAw48RA2q4lbI3bcxgWK
473,Queen,Too Much Love Will Kill You,Greatest Hits III,Queen,Greatest Hits III,1,4,258799,spotify:track:5i76KUOd2CHhOZFrFcOXSO
474,"George Michael, Queen","Somebody To Love - Live At The Freddie Mercury Tribute Concert For AIDS Awareness, Wembley / 1992",Greatest Hits III,Queen,Greatest Hits III,1,5,307360,spotify:track:0muc9Lvuvz3V0XQjbrfNzz
475,Queen,You Don't Fool Me,Greatest Hits III,Queen,Greatest Hits III,1,6,322666,spotify:track:7dVNO19F3m6LSevtU989Jf
476,Queen,Heaven For Everyone,Greatest Hits III,Queen,Greatest Hits III,1,7,277600,spotify:track:2r7q1dJCT8lJdkPuClTaW1
477,Queen,Las Palabras De Amor (The Words Of Love),Greatest Hits III,Queen,Greatest Hits III,1,8,269200,spotify:track:1L5EyvKKA11RsdIDLAK5HA
478,Brian May,Driven By You,Greatest Hits III,Queen,Greatest Hits III,1,9,249800,spotify:track:5biJ8jVmPiLUaTIaGTYAJd
479,"Freddie Mercury, Julian Raymond",Living on My Own - Julian Raymond Album Mix,Greatest Hits III,Queen,Greatest Hits III,1,10,217200,spotify:track:2be7Al57kIVSduduLQT4D8
480,Queen,Let Me Live,Greatest Hits III,Queen,Greatest Hits III,1,11,285773,spotify:track:5O8cri7VvvdKH2pqF38BWY
481,Freddie Mercury,The Great Pretender,Greatest Hits III,Queen,Greatest Hits III,1,12,206000,spotify:track:0MMlLXmx1U6YjfLyKeRLZK
482,Queen,Princes Of The Universe,Greatest Hits III,Queen,Greatest Hits III,1,13,211626,spotify:track:7EfFM8G37P593bGyfuW2Hn
483,"Queen, Wyclef Jean, Pras Michel",Another One Bites The Dust (feat. Wyclef Jean & Pras Michel) - Remix,Greatest Hits III,Queen,Greatest Hits III,1,14,260840,spotify:track:0qy0h5LUd7dSLPacczVZ84
484,Queen,No One But You (Only The Good Die Young),Greatest Hits III,Queen,Greatest Hits III,1,15,251333,spotify:track:4KBfPQE3DV3Jnah2Tk5WKU
485,Queen,These Are The Days Of Our Lives,Greatest Hits III,Queen,Greatest Hits III,1,16,262200,spotify:track:3M1LIYhgrtj2difqA867hX
486,Queen,Thank God It's Christmas,Greatest Hits III,Queen,Greatest Hits III,1,17,259226,spotify:track:44IYOG0UIRmm9Mwos48mso
487,Coldplay,Don't Panic,Parachutes,Coldplay,Parachutes,1,1,136866,spotify:track:2QhURnm7mQDxBb5jWkbDug
488,Coldplay,Shiver,Parachutes,Coldplay,Parachutes,1,2,304200,spotify:track:0qksx8mV28lztYIZ1om8ml
489,Coldplay,Spies,Parachutes,Coldplay,Parachutes,1,3,318773,spotify:track:2mLgOcRkEgq89j8WstUpui
490,Coldplay,Sparks,Parachutes,Coldplay,Parachutes,1,4,227093,spotify:track:7D0RhFcb3CrfPuTJ0obrod
491,Coldplay,Yellow,Parachutes,Coldplay,Parachutes,1,5,266773,spotify:track:3AJwUDP919kvQ9QcozQPxg
492,Coldplay,Trouble,Parachutes,Coldplay,Parachutes,1,6,273426,spotify:track:0R8P9KfGJCDULmlEoBagcO
493,Coldplay,Parachutes,Parachutes,Coldplay,Parachutes,1,7,46200,spotify:track:4qzoHxgp42ylb18ga1SWTL
494,Coldplay,High Speed,Parachutes,Coldplay,Parachutes,1,8,256466,spotify:track:2DHgvPQD1jApRnT1DBZdrS
495,Coldplay,We Never Change,Parachutes,Coldplay,Parachutes,1,9,249400,spotify:track:5TB6QgrF0RPIxSCGfRDLoe
496,Coldplay,Everything's Not Lost - Includes Hidden Track 'Life Is For Living',Parachutes,Coldplay,Parachutes,1,10,436440,spotify:track:1RNtm45kw0hPMBz7gKiIYu
497,De Palmas,Au bord de l'eau,Sortir,De Palmas,Sortir,1,1,200826,spotify:track:4BVgKuqscddgfUev4SmEAK
498,De Palmas,Dans Une Larme,Sortir,De Palmas,Sortir,1,2,249693,spotify:track:24ow5iYVjThA5URX0RR0dX
499,De Palmas,Rose,Sortir,De Palmas,Sortir,1,3,266946,spotify:track:5ZvEIEsGfikMQnhJAC42jp
500,De Palmas,Mon coeur ne bat plus,Sortir,De Palmas,Sortir,1,4,238160,spotify:track:00czYFpHDs0tUn1oxs3cqO
501,De Palmas,L'Ange Perdu,Sortir,De Palmas,Sortir,1,5,231506,spotify:track:3UIkUiLzvNsPYq2g36COp7
502,De Palmas,Indemne,Sortir,De Palmas,Sortir,1,6,214653,spotify:track:7IwrWjW5NSv6aOQ05lcEU8
503,De Palmas,Qui S'Occupe D'Elle,Sortir,De Palmas,Sortir,1,7,223360,spotify:track:6OR3X3RzZYOvsBEv5LWLy0
504,De Palmas,Fais De Ton Mieux,Sortir,De Palmas,Sortir,1,8,228533,spotify:track:4I4Py5uJn023uLsFVt4d6l
505,"De Palmas, Eagle-Eye Cherry",Pandora's Box,Sortir,De Palmas,Sortir,1,9,245906,spotify:track:3mFCL6cYFwaItgjKpgKm4C
506,De Palmas,Sous La Pluie,Sortir,De Palmas,Sortir,1,10,207480,spotify:track:00CVioSAZSPf0Mr3h130sL
507,De Palmas,Sortir,Sortir,De Palmas,Sortir,1,11,207613,spotify:track:3jR9SOnJaJ1iq50Om6cLwy
508,Jamie Cullum,Get Your Way,Catching Tales,Jamie Cullum,Catching Tales,1,1,241146,spotify:track:5WJbTupx9xYSXZP34hZGxN
509,Jamie Cullum,London Skies,Catching Tales,Jamie Cullum,Catching Tales,1,2,222893,spotify:track:7H27XOHzyQsgpiy76mgeZ2
510,Jamie Cullum,Photograph,Catching Tales,Jamie Cullum,Catching Tales,1,3,346733,spotify:track:2c9nAfysWld2udBYLsJKNV
511,Jamie Cullum,I Only Have Eyes For You,Catching Tales,Jamie Cullum,Catching Tales,1,4,238253,spotify:track:4PpuSrzHROizQS9Jruk1yN
512,Jamie Cullum,Nothing I Do,Catching Tales,Jamie Cullum,Catching Tales,1,5,302800,spotify:track:78b8zcHR7k7DI2y8GcydPf
513,Jamie Cullum,Mind Trick,Catching Tales,Jamie Cullum,Catching Tales,1,6,244746,spotify:track:16fM8wSyvdprqPYJ92sLgu
514,Jamie Cullum,21st Century Kid,Catching Tales,Jamie Cullum,Catching Tales,1,7,239746,spotify:track:3tf7f7eFiA8Jbu4vMVY2T7
515,Jamie Cullum,I'm Glad There Is You,Catching Tales,Jamie Cullum,Catching Tales,1,8,249213,spotify:track:2o67aDSZ2ZNbA7mYdknL2B
516,Jamie Cullum,Oh God,Catching Tales,Jamie Cullum,Catching Tales,1,9,218320,spotify:track:7CpaU4N3bFOuzhhGEgbNlX
517,Jamie Cullum,Catch The Sun,Catching Tales,Jamie Cullum,Catching Tales,1,10,226013,spotify:track:2oncOm82gQEZDvvYKJcHSA
518,Jamie Cullum,7 Days To Change Your Life,Catching Tales,Jamie Cullum,Catching Tales,1,11,336560,spotify:track:0m72Hh2JoYo8tTEepa0FGn
519,Jamie Cullum,Our Day Will Come,Catching Tales,Jamie Cullum,Catching Tales,1,12,235333,spotify:track:1xIDCvfDvsLSlrxOrYuHjA
520,Jamie Cullum,Back To The Ground,Catching Tales,Jamie Cullum,Catching Tales,1,13,276613,spotify:track:3UTeIlYjdVx4ADtAdWkaEz
521,Jamie Cullum,Fascinating Rhythm,Catching Tales,Jamie Cullum,Catching Tales,1,14,289120,spotify:track:03fI4SkIgU3awCh23UwJE5
522,Jamie Cullum,My Yard,Catching Tales,Jamie Cullum,Catching Tales,1,15,249493,spotify:track:6ZdQXKPwJkKdHUTY61ZrGJ
523,"Rihanna, JAŸ-Z",Umbrella,Good Girl Gone Bad: Reloaded,Rihanna,Good Girl Gone Bad,1,1,275986,spotify:track:49FYlytm3dAAraYgpoJZux
524,Rihanna,Push Up On Me,Good Girl Gone Bad: Reloaded,Rihanna,Good Girl Gone Bad,1,2,195040,spotify:track:6QV8q0qVAyHjlnqQ39YIe1
525,Rihanna,Don't Stop The Music,Good Girl Gone Bad: Reloaded,Rihanna,Good Girl Gone Bad,1,3,267080,spotify:track:0ByMNEPAPpOR5H69DVrTNy
526,Rihanna,Breakin' Dishes,Good Girl Gone Bad: Reloaded,Rihanna,Good Girl Gone Bad,1,4,200573,spotify:track:46aZJc0z1HHHSFxaIRxYSP
527,Rihanna,Shut Up And Drive,Good Girl Gone Bad: Reloaded,Rihanna,Good Girl Gone Bad,1,5,212280,spotify:track:4Tn2llBm1g0UlWctmgPL8Z
528,"Rihanna, Ne-Yo",Hate That I Love You,Good Girl Gone Bad: Reloaded,Rihanna,Good Girl Gone Bad,1,6,218946,spotify:track:7iu0WYLdo4yksKf3seaxzI
529,Rihanna,Say It,Good Girl Gone Bad: Reloaded,Rihanna,Good Girl Gone Bad,1,7,250666,spotify:track:1X0PGm7eJoC6LmXpczYeaN
530,Rihanna,Sell Me Candy,Good Girl Gone Bad: Reloaded,Rihanna,Good Girl Gone Bad,1,8,165133,spotify:track:4jfHNGbzF5EGAD3iET0lsd
531,Rihanna,Lemme Get That,Good Girl Gone Bad: Reloaded,Rihanna,Good Girl Gone Bad,1,9,221026,spotify:track:1pKEXuXVJ9PCJj2BNrG4kX
532,Rihanna,Rehab,Good Girl Gone Bad: Reloaded,Rihanna,Good Girl Gone Bad,1,10,294720,spotify:track:5X3ahLXhOw16BR09GjYPUT
533,Rihanna,Question Existing,Good Girl Gone Bad: Reloaded,Rihanna,Good Girl Gone Bad,1,11,245493,spotify:track:5hfB5nQatLPlqyKmVEpEVI
534,Rihanna,Good Girl Gone Bad,Good Girl Gone Bad: Reloaded,Rihanna,Good Girl Gone Bad,1,12,213213,spotify:track:6g1B0hd6rlT3xP3mERUnz8
535,Rihanna,Disturbia,Good Girl Gone Bad: Reloaded,Rihanna,Good Girl Gone Bad,1,13,238626,spotify:track:2VOomzT6VavJOGBeySqaMc
536,Rihanna,Take A Bow,Good Girl Gone Bad: Reloaded,Rihanna,Good Girl Gone Bad,1,14,229413,spotify:track:3goSVuTt3fDYDP6kRnFwuL
537,"Maroon 5, Rihanna",If I Never See Your Face Again,Good Girl Gone Bad: Reloaded,Rihanna,Good Girl Gone Bad,1,15,198240,spotify:track:2CtaTmkRB7csW9XAZbWHDq
538,Rihanna,Phresh Out The Runway,Unapologetic,Rihanna,Unapologetic,1,1,222413,spotify:track:6JAJrnyEyqsE2NWmAjK6pJ
539,Rihanna,Diamonds,Unapologetic,Rihanna,Unapologetic,1,2,225146,spotify:track:5pDUMdIiW0rNLzFryqpC9j
540,"Rihanna, Eminem",Numb,Unapologetic,Rihanna,Unapologetic,1,3,205066,spotify:track:7kjUzVpN8IAlG6OQdXjDvR
541,Rihanna,Pour It Up,Unapologetic,Rihanna,Unapologetic,1,4,161200,spotify:track:1edP9mOIcf8lDzlO1ORbCr
542,"Rihanna, Future",Loveeeeeee Song,Unapologetic,Rihanna,Unapologetic,1,5,256320,spotify:track:3Ij4WlSogXNafuyz6V2Xvl
543,Rihanna,Jump,Unapologetic,Rihanna,Unapologetic,1,6,264453,spotify:track:1MYpR4qlg2WQT304NecqXp
544,"Rihanna, David Guetta",Right Now,Unapologetic,Rihanna,Unapologetic,1,7,181626,spotify:track:3dK6PU05GCPr505YNOwV24
545,Rihanna,What Now,Unapologetic,Rihanna,Unapologetic,1,8,243093,spotify:track:4RuOaq8cJzcA3UMdZ0dQCk
546,"Rihanna, Mikky Ekko",Stay,Unapologetic,Rihanna,Unapologetic,1,9,240706,spotify:track:5rvSPYxUGL3Bu8BWtLj5Yw
547,"Rihanna, Chris Brown",Nobody's Business,Unapologetic,Rihanna,Unapologetic,1,10,216293,spotify:track:5PpxwDAoIGOcAe3iVgcAwt
548,Rihanna,Love Without Tragedy / Mother Mary,Unapologetic,Rihanna,Unapologetic,1,11,418866,spotify:track:3V3MTfAMIgas5iC13xIFX1
549,Rihanna,Get It Over With,Unapologetic,Rihanna,Unapologetic,1,12,211893,spotify:track:1tJ3ja9lE1jiWj0FGrk9aG
550,Rihanna,No Love Allowed,Unapologetic,Rihanna,Unapologetic,1,13,249133,spotify:track:2SlLKFpeeI2uxQUFEdXzr8
551,Rihanna,Lost In Paradise,Unapologetic,Rihanna,Unapologetic,1,14,215760,spotify:track:0FXI1DzlVxnv5GNQoscEmM
552,Shawn Mendes,In My Blood,Shawn Mendes,Shawn Mendes,Shawn Mendes,1,1,211360,spotify:track:2QZ7WLBE8h2y1Y5Fb8RYbH
553,Shawn Mendes,Fallin' All In You,Shawn Mendes,Shawn Mendes,Shawn Mendes,1,2,235746,spotify:track:5EYBryPOgIEPB7r5QIy6eG
554,Shawn Mendes,Where Were You In The Morning?,Shawn Mendes,Shawn Mendes,Shawn Mendes,1,3,200600,spotify:track:376Gg7Oxo5C5jUWDWpVXeI
555,Shawn Mendes,Nervous,Shawn Mendes,Shawn Mendes,Shawn Mendes,1,4,164146,spotify:track:5wxurz8J6YlyQRNnGN8zXS
556,"Shawn Mendes, Julia Michaels",Like To Be You (feat. Julia Michaels),Shawn Mendes,Shawn Mendes,Shawn Mendes,1,5,159400,spotify:track:2IssBpPtHcViZL5vYQNHhA
557,Shawn Mendes,Lost In Japan,Shawn Mendes,Shawn Mendes,Shawn Mendes,1,6,201200,spotify:track:79esEXlqqmq0GPz0xQSZTV
558,Shawn Mendes,Particular Taste,Shawn Mendes,Shawn Mendes,Shawn Mendes,1,7,175573,spotify:track:4BH9zDv1Ys6kw0j3lU1hTx
559,Shawn Mendes,Because I Had You,Shawn Mendes,Shawn Mendes,Shawn Mendes,1,8,142480,spotify:track:1RRZSm4akqNyMOsPUhw4cb
560,Shawn Mendes,Why,Shawn Mendes,Shawn Mendes,Shawn Mendes,1,9,238173,spotify:track:3XeqINnregzwBJNg7RyyH4
561,"Shawn Mendes, Khalid",Youth (feat. Khalid),Shawn Mendes,Shawn Mendes,Shawn Mendes,1,10,190866,spotify:track:1h0yImRPIVAjhhHeNVlTuC
562,Shawn Mendes,Queen,Shawn Mendes,Shawn Mendes,Shawn Mendes,1,11,204693,spotify:track:6D8FZWtCQRtQUVT3mpjrZs
563,Shawn Mendes,Perfectly Wrong,Shawn Mendes,Shawn Mendes,Shawn Mendes,1,12,212773,spotify:track:6nat4Z7iRKWVk1qngQqI0Q
564,Shawn Mendes,Mutual,Shawn Mendes,Shawn Mendes,Shawn Mendes,1,13,148360,spotify:track:5gW3kI83886nVV9apaFLWu
565,Shawn Mendes,When You're Ready,Shawn Mendes,Shawn Mendes,Shawn Mendes,1,14,169586,spotify:track:6bNcbh4SxQDU0BHa4Dj3wx
566,James Blunt,Stay the Night,Some Kind of Trouble (Deluxe Edition),James Blunt,Some Kind of Trouble,1,1,216333,spotify:track:7FFl1IHSsPWsfUCladsCl9
567,James Blunt,Dangerous,Some Kind of Trouble (Deluxe Edition),James Blunt,Some Kind of Trouble,1,2,191453,spotify:track:4g2ks3sZw0NtdmBuczxOMo
568,James Blunt,Best Laid Plans,Some Kind of Trouble (Deluxe Edition),James Blunt,Some Kind of Trouble,1,3,209653,spotify:track:6JiXAZ6SvoNJZonUyhfAY9
569,James Blunt,So Far Gone,Some Kind of Trouble (Deluxe Edition),James Blunt,Some Kind of Trouble,1,4,214133,spotify:track:1XCWRPypSirT0WiXQGDcAl
570,James Blunt,No Tears,Some Kind of Trouble (Deluxe Edition),James Blunt,Some Kind of Trouble,1,5,229693,spotify:track:49v1FTCFjK5zl17T1xWlGm
571,James Blunt,Superstar,Some Kind of Trouble (Deluxe Edition),James Blunt,Some Kind of Trouble,1,6,228373,spotify:track:5TRdBZqUNfLP5o7cdYOuh2
572,James Blunt,These Are the Words,Some Kind of Trouble (Deluxe Edition),James Blunt,Some Kind of Trouble,1,7,202693,spotify:track:0jc9vlikooqX0ccc7nNJ1n
573,James Blunt,Calling out Your Name,Some Kind of Trouble (Deluxe Edition),James Blunt,Some Kind of Trouble,1,8,203733,spotify:track:1tOGNtWkUhBeV1SCNOCAon
574,James Blunt,Heart of Gold,Some Kind of Trouble (Deluxe Edition),James Blunt,Some Kind of Trouble,1,9,210866,spotify:track:4RNdNSxMLcw4NvoW9V0sXs
575,James Blunt,I'll Be Your Man,Some Kind of Trouble (Deluxe Edition),James Blunt,Some Kind of Trouble,1,10,216213,spotify:track:27frvdD2rFj8NpgJUqTqBs
576,James Blunt,If Time Is All I Have,Some Kind of Trouble (Deluxe Edition),James Blunt,Some Kind of Trouble,1,11,204751,spotify:track:41bvsizLm3XAwwZ6eHLumd
577,James Blunt,Turn Me On,Some Kind of Trouble (Deluxe Edition),James Blunt,Some Kind of Trouble,1,12,149053,spotify:track:0fZEP7ODZgVH6mGOFmfCG5
578,James Blunt,This Love Again,Some Kind of Trouble (Deluxe Edition),James Blunt,Some Kind of Trouble,1,13,178244,spotify:track:6hY65F5Wi4BGlYXClCf7hN
579,James Blunt,If Time Is All I Have - Acoustic,Some Kind of Trouble (Deluxe Edition),James Blunt,Some Kind of Trouble,1,14,200000,spotify:track:2t6Ep82FfXnuGLEHT1RnUj
580,James Blunt,1973,All the Lost Souls,James Blunt,All the Lost Souls,1,1,280026,spotify:track:1BV0m40U0M4t1SLIsDnwZl
581,James Blunt,One of the Brightest Stars,All the Lost Souls,James Blunt,All the Lost Souls,1,2,191400,spotify:track:2OjjO99C0yGnHXarzoC6S7
582,James Blunt,I'll Take Everything,All the Lost Souls,James Blunt,All the Lost Souls,1,3,185306,spotify:track:3JXVYARc2C8mfqx0pKkSi4
583,James Blunt,Same Mistake,All the Lost Souls,James Blunt,All the Lost Souls,1,4,298186,spotify:track:2YaGZvBfkQ4jiD5cMLIFQV
584,James Blunt,Carry You Home,All the Lost Souls,James Blunt,All the Lost Souls,1,5,234786,spotify:track:1zVBU0PAj7ZUVmVfG2pgQG
585,James Blunt,Give Me Some Love,All the Lost Souls,James Blunt,All the Lost Souls,1,6,216933,spotify:track:79TEDshMVLibmgLVXolwJ8
586,James Blunt,I Really Want You,All the Lost Souls,James Blunt,All the Lost Souls,1,7,209933,spotify:track:54wTKzCLEc1OQRzh9QjKoq
587,James Blunt,Shine On,All the Lost Souls,James Blunt,All the Lost Souls,1,8,266533,spotify:track:3Y1JP1ulhlpgCqRzMQhVJr
588,James Blunt,Annie,All the Lost Souls,James Blunt,All the Lost Souls,1,9,205466,spotify:track:4eqMVSbL7qT2JoSBNINEto
589,James Blunt,I Can't Hear the Music,All the Lost Souls,James Blunt,All the Lost Souls,1,10,225066,spotify:track:1D7IbAU7NSezaHChEDYRkF
590,James Blunt,1973 - Acoustic,All the Lost Souls,James Blunt,All the Lost Souls,1,11,209680,spotify:track:4DCHszO57DZHgvqalfoITR
591,Eminem,Public Service Announcement 2000,The Marshall Mathers LP,Eminem,The Marshall Mathers LP,1,1,27866,spotify:track:1WopKLOG4Kud0H1r3xrCfT
592,Eminem,Kill You,The Marshall Mathers LP,Eminem,The Marshall Mathers LP,1,2,264400,spotify:track:5eGEc27nnhtmcOh6RC890a
593,"Eminem, Dido",Stan,The Marshall Mathers LP,Eminem,The Marshall Mathers LP,1,3,404106,spotify:track:3UmaczJpikHgJFyBTAJVoz
594,"Paul ""Bunyan"" Rosenberg",Paul - Skit,The Marshall Mathers LP,Eminem,The Marshall Mathers LP,1,4,10600,spotify:track:2vDNkLviUQSxSxulGBFSqJ
595,Eminem,Who Knew,The Marshall Mathers LP,Eminem,The Marshall Mathers LP,1,5,227760,spotify:track:15joiMls8SpP1VtGivYh6i
596,"Eminem, Steve Berman",Steve Berman,The Marshall Mathers LP,Eminem,The Marshall Mathers LP,1,6,53573,spotify:track:0DaZU7iKgXMelfXCkCOgBK
597,Eminem,The Way I Am,The Marshall Mathers LP,Eminem,The Marshall Mathers LP,1,7,290426,spotify:track:23wfXwnsPZYe5A1xXRHb3J
598,Eminem,The Real Slim Shady,The Marshall Mathers LP,Eminem,The Marshall Mathers LP,1,8,284200,spotify:track:3yfqSUWxFvZELEM4PmlwIR
599,"Eminem, RBX, Sticky Fingaz",Remember Me?,The Marshall Mathers LP,Eminem,The Marshall Mathers LP,1,9,218840,spotify:track:7996f9NZeypc4jqfc6hJUa
600,Eminem,I'm Back,The Marshall Mathers LP,Eminem,The Marshall Mathers LP,1,10,309760,spotify:track:3xVtc7PB4V3AqAfq4Iahli
601,Eminem,Marshall Mathers,The Marshall Mathers LP,Eminem,The Marshall Mathers LP,1,11,321266,spotify:track:3X4Oz9LjhhtgyOhVNlfoYa
602,Eminem,Ken Kaniff - Skit,The Marshall Mathers LP,Eminem,The Marshall Mathers LP,1,12,61800,spotify:track:4HsaoezrUA96qMzDK3ZWnq
603,Eminem,Drug Ballad,The Marshall Mathers LP,Eminem,The Marshall Mathers LP,1,13,300266,spotify:track:7tEoJKbYdIHBfn7tTIyjHW
604,"Eminem, Bizarre",Amityville,The Marshall Mathers LP,Eminem,The Marshall Mathers LP,1,14,254773,spotify:track:0erTM8A9ro5kzcNc962jHd
605,"Eminem, Dr. Dre, Snoop Dogg, Xzibit, Nate Dogg",Bitch Please II,The Marshall Mathers LP,Eminem,The Marshall Mathers LP,1,15,288200,spotify:track:7lgvU7WnwcNZ8dbGUz8yhP
606,Eminem,Kim,The Marshall Mathers LP,Eminem,The Marshall Mathers LP,1,16,377893,spotify:track:20oenBXlmwIfK0F3fQIjhM
607,"Eminem, D12",Under The Influence,The Marshall Mathers LP,Eminem,The Marshall Mathers LP,1,17,321666,spotify:track:5H3B1WtZYGmyOYOXgQltKU
608,Eminem,Criminal,The Marshall Mathers LP,Eminem,The Marshall Mathers LP,1,18,319600,spotify:track:18ohWhzbMCynq5QJ68ifkW
609,The xx,Angels,Coexist,The xx,Coexist,1,1,171653,spotify:track:3zsRP8rH1kaIAo9fmiP4El
610,The xx,Chained,Coexist,The xx,Coexist,1,2,167546,spotify:track:1E5HgxGmPFETzZp6g929hu
611,The xx,Fiction,Coexist,The xx,Coexist,1,3,176480,spotify:track:40Gp0YR5kj8vT7Z55YzTFM
612,The xx,Try,Coexist,The xx,Coexist,1,4,195426,spotify:track:79crMEpECzB2QJTdM9bhHS
613,The xx,Reunion,Coexist,The xx,Coexist,1,5,237173,spotify:track:4Xs4CSjF2hz4DC6cnm5YRy
614,The xx,Sunset,Coexist,The xx,Coexist,1,6,218586,spotify:track:76G5L5EC20PrZkH1vvT0s2
615,The xx,Missing,Coexist,The xx,Coexist,1,7,213506,spotify:track:09JbdAdaulzSwZIKSv9Y3f
616,The xx,Tides,Coexist,The xx,Coexist,1,8,181000,spotify:track:2p60pcvouN5mX6xDYE2cFf
617,The xx,Unfold,Coexist,The xx,Coexist,1,9,182920,spotify:track:5A7T0vv6x3jEPQGaVJYKRY
618,The xx,Swept Away,Coexist,The xx,Coexist,1,10,299253,spotify:track:0iwdeh4KGWUZzTrEFqzat7
619,The xx,Our Song,Coexist,The xx,Coexist,1,11,193813,spotify:track:1g5p2bx9sfv5T94iaXr6mb
620,Journey,Only the Young,The Essential Journey,Journey,Don't Stop Believin': The Best of Journey,1,1,244960,spotify:track:1E2iehquphUsbmj8VTzWdQ
621,Journey,Don't Stop Believin',The Essential Journey,Journey,Don't Stop Believin': The Best of Journey,1,2,248906,spotify:track:77NNZQSqzLNqh2A9JhLRkg
622,Journey,Wheel in the Sky,The Essential Journey,Journey,Don't Stop Believin': The Best of Journey,1,3,252640,spotify:track:6DXv7vJPrDRxo3Lnh4bacS
623,Journey,Faithfully,The Essential Journey,Journey,Don't Stop Believin': The Best of Journey,1,4,266266,spotify:track:6HzZhqXNyfJxuvQ9zfCc1U
624,Journey,Any Way You Want It,The Essential Journey,Journey,Don't Stop Believin': The Best of Journey,1,5,201866,spotify:track:2DyHhPyCZgZzNXn1IrtsTu
625,Journey,Ask the Lonely,The Essential Journey,Journey,Don't Stop Believin': The Best of Journey,1,6,234026,spotify:track:6TtPSHvo5llnqVYditaoig
626,Journey,Who's Crying Now,The Essential Journey,Journey,Don't Stop Believin': The Best of Journey,1,7,301133,spotify:track:11Uatd4av1y0YD2x0mQvao
627,Journey,Separate Ways (Worlds Apart),The Essential Journey,Journey,Don't Stop Believin': The Best of Journey,1,8,325906,spotify:track:2ORySgkn0CbUMFbEoP1wwE
628,Journey,Lights,The Essential Journey,Journey,Don't Stop Believin': The Best of Journey,1,9,190666,spotify:track:3R47BVunpwXhQbLWrClD94
629,Journey,"Lovin', Touchin', Squeezin'",The Essential Journey,Journey,Don't Stop Believin': The Best of Journey,1,10,234333,spotify:track:32GrMcghc8DLhpHJST2CWJ
630,Journey,Open Arms,The Essential Journey,Journey,Don't Stop Believin': The Best of Journey,1,11,198666,spotify:track:1m2INxep6LfNa25OEg5jZl
631,Journey,Girl Can't Help It,The Essential Journey,Journey,Don't Stop Believin': The Best of Journey,1,12,230266,spotify:track:0kuQMRw56VjM8va4Nd5YXR
632,Journey,Send Her My Love,The Essential Journey,Journey,Don't Stop Believin': The Best of Journey,1,13,234666,spotify:track:5UVyOSxnKI3SrlRlpoVr0j
633,Journey,When You Love a Woman,The Essential Journey,Journey,Don't Stop Believin': The Best of Journey,1,14,248160,spotify:track:6OcupDJfgXbC0JR8iIbBrP
634,Journey,I'll Be Alright Without You,The Essential Journey,Journey,Don't Stop Believin': The Best of Journey,1,15,273826,spotify:track:01D1oM4HYTLs51a6rAlYpT
635,Journey,After the Fall,The Essential Journey,Journey,Don't Stop Believin': The Best of Journey,1,16,300760,spotify:track:2WcTeZzkg8WmamaTToV6Yy
636,Journey,Chain Reaction,The Essential Journey,Journey,Don't Stop Believin': The Best of Journey,2,1,259533,spotify:track:7jeH5nvWSbJKh6uPMyBAiV
637,Journey,Message of Love,The Essential Journey,Journey,Don't Stop Believin': The Best of Journey,2,2,333800,spotify:track:0fyCfP0AMdS3CQYj0koBaG
638,Journey,Somethin' to Hide,The Essential Journey,Journey,Don't Stop Believin': The Best of Journey,2,3,207733,spotify:track:2Lx8wdYoYBHU04gQr0kVZ3
639,Journey,"Line of Fire - Live at The Forum in Montreal, Quebec, Canada, August 1980",The Essential Journey,Journey,Don't Stop Believin': The Best of Journey,2,4,198133,spotify:track:0vNcwSvLK6Z341KA9WPZ3a
640,Journey,Anytime,The Essential Journey,Journey,Don't Stop Believin': The Best of Journey,2,5,207800,spotify:track:6ANLPbk2NMqpn4jOQ2awRJ
641,Journey,Stone in Love,The Essential Journey,Journey,Don't Stop Believin': The Best of Journey,2,6,265733,spotify:track:6u1HWJEUE0JLS9KxWBEVFN
642,Journey,Patiently,The Essential Journey,Journey,Don't Stop Believin': The Best of Journey,2,7,201666,spotify:track:78WeBfwSyQlAkULNLjvrls
643,Journey,Good Morning Girl,The Essential Journey,Journey,Don't Stop Believin': The Best of Journey,2,8,103906,spotify:track:11E0IkEYX5kjJEgCMjycl6
644,Journey,The Eyes of a Woman,The Essential Journey,Journey,Don't Stop Believin': The Best of Journey,2,9,273040,spotify:track:0vWtv8Tph6bUnIXuE39yxk
645,Journey,Be Good to Yourself,The Essential Journey,Journey,Don't Stop Believin': The Best of Journey,2,10,231640,spotify:track:36fJQfjx9ZAVzscZygmGV6
646,Journey,Still They Ride,The Essential Journey,Journey,Don't Stop Believin': The Best of Journey,2,11,229533,spotify:track:59Nlc49eg25QbUK32RzTmM
647,Journey,Baby I'm a Leavin' You,The Essential Journey,Journey,Don't Stop Believin': The Best of Journey,2,12,167066,spotify:track:7k0IKachcl2KSkygQ0LYOR
648,Journey,"Mother, Father",The Essential Journey,Journey,Don't Stop Believin': The Best of Journey,2,13,328373,spotify:track:6NJG4iSlg4I4Ga2En0DiNl
649,Journey,Just the Same Way,The Essential Journey,Journey,Don't Stop Believin': The Best of Journey,2,14,197800,spotify:track:4G5Jy9gPHkzAAxFjw73Dww
650,Journey,Escape,The Essential Journey,Journey,Don't Stop Believin': The Best of Journey,2,15,317000,spotify:track:6gX4STi3v9dVgv4LEQwzvc
651,Journey,The Party's Over (Hopelessly in Love) - Studio Version,The Essential Journey,Journey,Don't Stop Believin': The Best of Journey,2,16,220960,spotify:track:6Q4asNuSMJkcccrV68a41m
652,Olly Murs,Army of Two,Right Place Right Time (Expanded Edition),Olly Murs,Right Place Right Time,1,1,287133,spotify:track:5eHBwub0uVM4bnXgzhiBbK
653,"Olly Murs, Flo Rida",Troublemaker (feat. Flo Rida),Right Place Right Time (Expanded Edition),Olly Murs,Right Place Right Time,1,2,185586,spotify:track:6s8nHXTJVqFjXE4yVZPDHR
654,Olly Murs,Loud & Clear,Right Place Right Time (Expanded Edition),Olly Murs,Right Place Right Time,1,3,229106,spotify:track:2icQvmYR3oMCm58dxCR8Np
655,Olly Murs,Dear Darlin',Right Place Right Time (Expanded Edition),Olly Murs,Right Place Right Time,1,4,206373,spotify:track:0s0JMUkb2WCxIJsRB3G7Hd
656,Olly Murs,Right Place Right Time,Right Place Right Time (Expanded Edition),Olly Murs,Right Place Right Time,1,5,193293,spotify:track:0noXtfFOVIvXK0B72sKu34
657,Olly Murs,Hand on Heart,Right Place Right Time (Expanded Edition),Olly Murs,Right Place Right Time,1,6,196946,spotify:track:20dRBwMby0svEhotYuFfCD
658,Olly Murs,Hey You Beautiful,Right Place Right Time (Expanded Edition),Olly Murs,Right Place Right Time,1,7,186600,spotify:track:5pHRxAyXGo5rmqJ5bFNoby
659,Olly Murs,Head to Toe,Right Place Right Time (Expanded Edition),Olly Murs,Right Place Right Time,1,8,195853,spotify:track:1RedQenVi6njMj6DuxwfSz
660,Olly Murs,Personal,Right Place Right Time (Expanded Edition),Olly Murs,Right Place Right Time,1,9,195773,spotify:track:0ebcoOZETwvo97PisQWuNx
661,Olly Murs,What a Buzz,Right Place Right Time (Expanded Edition),Olly Murs,Right Place Right Time,1,10,186973,spotify:track:1UCru0Cwxt9m9Dgok2nC3b
662,Olly Murs,Cry Your Heart Out,Right Place Right Time (Expanded Edition),Olly Murs,Right Place Right Time,1,11,219133,spotify:track:4XCLEb5S8DCLRM39fBUBIy
663,Olly Murs,One of These Days,Right Place Right Time (Expanded Edition),Olly Murs,Right Place Right Time,1,12,186000,spotify:track:49WzDVLouIi1mJyj6NJ3hS
664,Olly Murs,Runaway,Right Place Right Time (Expanded Edition),Olly Murs,Right Place Right Time,1,13,216986,spotify:track:1bvq7zL0LqxVdvX2tTdCLT
665,Olly Murs,Sliding Doors,Right Place Right Time (Expanded Edition),Olly Murs,Right Place Right Time,1,14,236893,spotify:track:6uEXdQI8RV3Bg2ougYvt1u
666,Olly Murs,Perfect Night (To Say Goodbye),Right Place Right Time (Expanded Edition),Olly Murs,Right Place Right Time,1,15,202506,spotify:track:4ewVg9Bepq29kFprh2zoy0
667,Olly Murs,The One,Right Place Right Time (Expanded Edition),Olly Murs,Right Place Right Time,1,16,218333,spotify:track:2GCX4uKeVSf5A8y7iNh7pd
668,Olly Murs,Troublemaker - Live,Right Place Right Time (Expanded Edition),Olly Murs,Right Place Right Time,1,17,227826,spotify:track:0gnSnAb26IWX7QKOSfVkg3
669,Olly Murs,Army of Two - Live,Right Place Right Time (Expanded Edition),Olly Murs,Right Place Right Time,1,18,272413,spotify:track:58PPU8hTawSLF8a7O1EtWC
670,Olly Murs,Stop Tryna Change Me,Right Place Right Time (Expanded Edition),Olly Murs,Right Place Right Time,1,19,252280,spotify:track:4IPAJ9dPpe5ycuDhSjBTDJ
671,Olly Murs,That's Alright with Me,Right Place Right Time (Expanded Edition),Olly Murs,Right Place Right Time,1,20,197880,spotify:track:6H7ktS8y13JrvPJUFiwgir
672,Olly Murs,I Wish it Could Be Christmas Everyday - BBC Live Version,Right Place Right Time (Expanded Edition),Olly Murs,Right Place Right Time,1,21,218333,spotify:track:4WuW30b1T192pyzqPDvLH4
673,"Giorgia, Olly Murs",Did I Lose You (feat. Olly Murs),Right Place Right Time (Expanded Edition),Olly Murs,Right Place Right Time,1,22,227573,spotify:track:5fvtay1ft2egJp8dei6qFw
674,"Olly Murs, Alizée",Dear Darlin' (feat. Alizée),Right Place Right Time (Expanded Edition),Olly Murs,Right Place Right Time,1,23,207093,spotify:track:5I6kMcM0iEXSVY8ySqU3jE
675,Olly Murs,Hand on Heart - Radio Mix,Right Place Right Time (Expanded Edition),Olly Murs,Right Place Right Time,1,24,198360,spotify:track:3OyMwOJBcK7xxeJmngHFKC
676,John Denver,Leaving on a Jet Plane,The Essential John Denver,John Denver,The Best of John Denver,1,1,218480,spotify:track:7uhC3h0wpz0fsPXKSJDZVy
677,John Denver,Rhymes and Reasons,The Essential John Denver,John Denver,The Best of John Denver,1,2,195426,spotify:track:5PyDQXtl6BX13pQ2k8Lw2U
678,John Denver,"Take Me Home, Country Roads - Original Version",The Essential John Denver,John Denver,The Best of John Denver,1,3,190040,spotify:track:4mFtu4HXisK4IN39cFOTv9
679,John Denver,"Poems, Prayers and Promises",The Essential John Denver,John Denver,The Best of John Denver,1,4,245533,spotify:track:4i6OB7TcBzWa9h26tBE34L
680,John Denver,I Guess He'd Rather Be in Colorado,The Essential John Denver,John Denver,The Best of John Denver,1,5,127186,spotify:track:7oT2bXuqEVDZaYgEpO8xOk
681,John Denver,Friends with You,The Essential John Denver,John Denver,The Best of John Denver,1,6,202293,spotify:track:3kta9HvNmXhd13ta988APx
682,John Denver,Rocky Mountain High,The Essential John Denver,John Denver,The Best of John Denver,1,7,283960,spotify:track:3L2Zetc43qCSJEH5DwsEa2
683,John Denver,Goodbye Again,The Essential John Denver,John Denver,The Best of John Denver,1,8,216360,spotify:track:5YEcE9umNXxVrv8jxhweoD
684,John Denver,I'd Rather Be a Cowboy (Lady's Chains),The Essential John Denver,John Denver,The Best of John Denver,1,9,265306,spotify:track:5Z3F3kakUAsvqpO2bBxyMb
685,John Denver,Farewell Andromeda (Welcome to My Morning),The Essential John Denver,John Denver,The Best of John Denver,1,10,243306,spotify:track:65qPhxFMMIpiUknJiVa2z0
686,John Denver,"Sunshine on My Shoulders - ""Greatest Hits"" Version",The Essential John Denver,John Denver,The Best of John Denver,1,11,311933,spotify:track:06DrawDXOfyXWoBX47r1Kj
687,John Denver,Back Home Again,The Essential John Denver,John Denver,The Best of John Denver,1,12,284160,spotify:track:5bpgvM9xEQDAkDImodAppM
688,John Denver,Matthew,The Essential John Denver,John Denver,The Best of John Denver,1,13,222426,spotify:track:1Ua153c9hxARpugkSb1VPh
689,John Denver,"Thank God I'm a Country Boy - Live at the Universal Amphitheatre, Los Angeles, CA - August/September 1974",The Essential John Denver,John Denver,The Best of John Denver,1,14,200466,spotify:track:5VqlMcPhP82QNmYQfoY8hT
690,John Denver,Annie's Song,The Essential John Denver,John Denver,The Best of John Denver,1,15,180080,spotify:track:5WbvxOO06T9UYOTByyEHsm
691,John Denver,Sweet Surrender,The Essential John Denver,John Denver,The Best of John Denver,1,16,328106,spotify:track:3qGPtA70GGqBOMErK0Hx2X
692,John Denver,Looking for Space,The Essential John Denver,John Denver,The Best of John Denver,1,17,239653,spotify:track:0qMmTBkOVPQO6Ba4qRvZRx
693,John Denver,I'm Sorry,The Essential John Denver,John Denver,The Best of John Denver,1,18,211746,spotify:track:60KdJweVrSgZUForx6546g
694,John Denver,Calypso,The Essential John Denver,John Denver,The Best of John Denver,2,1,216013,spotify:track:4yu1WPLTBkliCbBZrqsQIH
695,John Denver,Fly Away,The Essential John Denver,John Denver,The Best of John Denver,2,2,249680,spotify:track:7KH515bAV7vZs5lTXpmHnL
696,John Denver,"Baby, You Look Good to Me Tonight",The Essential John Denver,John Denver,The Best of John Denver,2,3,167400,spotify:track:5reQdledjscWplbuoluDCu
697,John Denver,Like a Sad Song,The Essential John Denver,John Denver,The Best of John Denver,2,4,222333,spotify:track:1M4rZjp0HeRf25QlqosP6q
698,John Denver,How Can I Leave You Again,The Essential John Denver,John Denver,The Best of John Denver,2,5,188666,spotify:track:0rvWR1rKeWu9w9VbgIpoJc
699,John Denver,It Amazes Me,The Essential John Denver,John Denver,The Best of John Denver,2,6,157173,spotify:track:3QkQKuIqAxNDrAK5dx8k8t
700,John Denver,I Want to Live,The Essential John Denver,John Denver,The Best of John Denver,2,7,227013,spotify:track:6nzTND3EjqzxCgbepnpU2I
701,John Denver,"My Sweet Lady - ""Greatest Hits"" Version",The Essential John Denver,John Denver,The Best of John Denver,2,8,288813,spotify:track:0UIf5fdqhiZF80qRnv3McN
702,John Denver,Autograph,The Essential John Denver,John Denver,The Best of John Denver,2,9,217933,spotify:track:1zvRq4Dx1SUmnT90Yghtxx
703,John Denver,Some Days Are Diamonds (Some Days Are Stone),The Essential John Denver,John Denver,The Best of John Denver,2,10,239693,spotify:track:66efEToBsm6fiAU21bIG9R
704,John Denver,The Cowboy and the Lady,The Essential John Denver,John Denver,The Best of John Denver,2,11,276133,spotify:track:61GTlL7unIIqzTqkEQ2AfQ
705,John Denver,Seasons of the Heart,The Essential John Denver,John Denver,The Best of John Denver,2,12,228693,spotify:track:29Ta4tPeq8o3cdNsPiahMq
706,John Denver,Shanghai Breezes,The Essential John Denver,John Denver,The Best of John Denver,2,13,192866,spotify:track:5yMexUxoIFV4ehKX5irKZg
707,"John Denver, Plácido Domingo",Perhaps Love,The Essential John Denver,John Denver,The Best of John Denver,2,14,176880,spotify:track:3YfyTnONcUeHEAYQn5k6ce
708,"John Denver, Emmylou Harris",Wild Montana Skies,The Essential John Denver,John Denver,The Best of John Denver,2,15,243160,spotify:track:53TPuvCNhoqQhW9BsaOC3w
709,"John Denver, Sylvie Vartan",Love Again,The Essential John Denver,John Denver,The Best of John Denver,2,16,172506,spotify:track:58dCRByoBaU4pqkBrXVxmi
710,John Denver,Dreamland Express,The Essential John Denver,John Denver,The Best of John Denver,2,17,246280,spotify:track:4lddrcEg5oCftQfDBjeybS
711,John Denver,Is It Love? - Live 1995,The Essential John Denver,John Denver,The Best of John Denver,2,18,255720,spotify:track:6HnCS0bqS2UizklUJBKarb
712,Ed Sheeran,The A Team,+,Ed Sheeran,+ (Plus),1,1,258373,spotify:track:1XpYodsD36XN7ygcdF7mJJ
713,Ed Sheeran,Drunk,+,Ed Sheeran,+ (Plus),1,2,200093,spotify:track:4RnCPWlBsY7oUDdyruod7Y
714,Ed Sheeran,U.N.I.,+,Ed Sheeran,+ (Plus),1,3,228600,spotify:track:5Ukzlujip1Slqka5OY82YS
715,Ed Sheeran,Grade 8,+,Ed Sheeran,+ (Plus),1,4,179880,spotify:track:0obzwoGjXdORtAwYWZ9s53
716,Ed Sheeran,Wake Me Up,+,Ed Sheeran,+ (Plus),1,5,229613,spotify:track:0ygAYQQy7bfDN6gH640bbl
717,Ed Sheeran,Small Bump,+,Ed Sheeran,+ (Plus),1,6,259413,spotify:track:4z1O25cq9g2kuJemmUxc21
718,Ed Sheeran,This,+,Ed Sheeran,+ (Plus),1,7,195840,spotify:track:0pJfsPQesJyCnR5XWZyvj9
719,Ed Sheeran,The City,+,Ed Sheeran,+ (Plus),1,8,234333,spotify:track:4ucfQOYOe1Jz5KqCfpGobp
720,Ed Sheeran,Lego House,+,Ed Sheeran,+ (Plus),1,9,185093,spotify:track:5ubHAQtKuFfiG4FXfLP804
721,Ed Sheeran,"You Need Me, I Don't Need You",+,Ed Sheeran,+ (Plus),1,10,220413,spotify:track:5KL4iZkCTZyXl7KnHgfVDj
722,Ed Sheeran,Kiss Me,+,Ed Sheeran,+ (Plus),1,11,280853,spotify:track:0Tel1fmuCxEFV6wBLXsEdk
723,Ed Sheeran,Give Me Love,+,Ed Sheeran,+ (Plus),1,12,526386,spotify:track:0SuG9kyzGRpDqrCWtgD6Lq
724,Ed Sheeran,Autumn Leaves - Deluxe Edition,+,Ed Sheeran,+ (Plus),1,13,200755,spotify:track:7iBSkXB0pTvZasOLf0Qxk9
725,Ed Sheeran,Little Bird - Deluxe Edition,+,Ed Sheeran,+ (Plus),1,14,224528,spotify:track:4bcgRbGeq4IejesjsiHyTH
726,Ed Sheeran,Gold Rush - Deluxe Edition,+,Ed Sheeran,+ (Plus),1,15,243162,spotify:track:4mT5mVFaU7trA3UdbGqfB9
727,Ed Sheeran,Sunburn - Deluxe Edition,+,Ed Sheeran,+ (Plus),1,16,275882,spotify:track:3YPiRYIUFlcQ0aaLGmeswS
728,Ed Sheeran,One,x (Deluxe Edition),Ed Sheeran,x (Multiply),1,1,252760,spotify:track:5TvFfDlVoUWZvfqrhTJzD7
729,Ed Sheeran,I'm a Mess,x (Deluxe Edition),Ed Sheeran,x (Multiply),1,2,244573,spotify:track:0xCA70t1ZA4fa9UOE0lIJm
730,Ed Sheeran,Sing,x (Deluxe Edition),Ed Sheeran,x (Multiply),1,3,235382,spotify:track:6K8qKeWo5MsFED7wCR6Kop
731,Ed Sheeran,Don't,x (Deluxe Edition),Ed Sheeran,x (Multiply),1,4,219840,spotify:track:1huvTbEYtgltjQRXzrNKGi
732,Ed Sheeran,Nina,x (Deluxe Edition),Ed Sheeran,x (Multiply),1,5,225533,spotify:track:3GKSfF6c3Rv3a1knSjxnXa
733,Ed Sheeran,Photograph,x (Deluxe Edition),Ed Sheeran,x (Multiply),1,6,258986,spotify:track:1HNkqx9Ahdgi1Ixy2xkKkL
734,Ed Sheeran,Bloodstream,x (Deluxe Edition),Ed Sheeran,x (Multiply),1,7,300253,spotify:track:5v4sZRuvWDcisoOk1PFv6T
735,Ed Sheeran,Tenerife Sea,x (Deluxe Edition),Ed Sheeran,x (Multiply),1,8,241346,spotify:track:1HbcclMpw0q2WDWpdGCKdS
736,Ed Sheeran,Runaway,x (Deluxe Edition),Ed Sheeran,x (Multiply),1,9,205133,spotify:track:2VmA7bm5ECiYZfw7x4Nzku
737,Ed Sheeran,The Man,x (Deluxe Edition),Ed Sheeran,x (Multiply),1,10,250426,spotify:track:1gHF0I223J5pv06SuBcmkz
738,Ed Sheeran,Thinking out Loud,x (Deluxe Edition),Ed Sheeran,x (Multiply),1,11,281560,spotify:track:34gCuhDGsG4bRPIf9bb02f
739,Ed Sheeran,Afire Love,x (Deluxe Edition),Ed Sheeran,x (Multiply),1,12,314280,spotify:track:12B0Twa9kRz45Xw2PgXHJm
740,Ed Sheeran,Take It Back,x (Deluxe Edition),Ed Sheeran,x (Multiply),1,13,208400,spotify:track:2dmOWlEHrP266Qgz6wnUrd
741,Ed Sheeran,Shirtsleeves,x (Deluxe Edition),Ed Sheeran,x (Multiply),1,14,190226,spotify:track:7awwmuGslmuyhnlpFipDqk
742,Ed Sheeran,Even My Dad Does Sometimes,x (Deluxe Edition),Ed Sheeran,x (Multiply),1,15,228533,spotify:track:0N5zjRnf8AreOm95iSBXF4
743,Ed Sheeran,I See Fire,x (Deluxe Edition),Ed Sheeran,x (Multiply),1,16,299146,spotify:track:1fu5IQSRgPxJL2OTP7FVLW
744,Coldplay,Politik - Live in Sydney,Live 2003,Coldplay,Live 2003,1,1,396466,spotify:track:110a2YFVoGswehZi2kkVpp
745,Coldplay,God Put a Smile upon Your Face - Live in Sydney,Live 2003,Coldplay,Live 2003,1,2,296760,spotify:track:6R2ZKXEdEEYXiODsC9Fr4L
746,Coldplay,A Rush of Blood to the Head - Live in Sydney,Live 2003,Coldplay,Live 2003,1,3,410773,spotify:track:5KFf0D8pLy4mzIlaJeV57P
747,Coldplay,One I Love - Live in Sydney,Live 2003,Coldplay,Live 2003,1,4,308426,spotify:track:0bQQv5RqwLmOKNaMcfJ1If
748,Coldplay,See You Soon - Live in Sydney,Live 2003,Coldplay,Live 2003,1,5,209106,spotify:track:4o0q6U6VX4a0VTZ06GOxg2
749,Coldplay,Shiver - Live in Sydney,Live 2003,Coldplay,Live 2003,1,6,325733,spotify:track:4CCr8SvmOrHpPKeA5e0ogE
750,Coldplay,Everything's Not Lost - Live in Sydney,Live 2003,Coldplay,Live 2003,1,7,527826,spotify:track:7IWbp0yWEF8nNjMLbKF0pU
751,Coldplay,Moses - Live in Sydney,Live 2003,Coldplay,Live 2003,1,8,329173,spotify:track:1n7a6D28s08972ImtPtaxX
752,Coldplay,Yellow - Live in Sydney,Live 2003,Coldplay,Live 2003,1,9,336666,spotify:track:6cR5WracqJzYoH80lSKW0L
753,Coldplay,Clocks - Live in Sydney,Live 2003,Coldplay,Live 2003,1,10,332426,spotify:track:3cYgC50pVnjPKuh6b0xmZk
754,Coldplay,In My Place - Live in Sydney,Live 2003,Coldplay,Live 2003,1,11,253106,spotify:track:3osu6FKSmLJJmqnRw5R90G
755,Coldplay,Amsterdam - Live in Sydney,Live 2003,Coldplay,Live 2003,1,12,320160,spotify:track:3TQs5AmPNEnnTNSXzCQV7G
756,Jack Johnson,All At Once,Sleep Through The Static,Jack Johnson,Sleep Through the Static,1,1,217720,spotify:track:7p3eluZv7dxIArpFUTBkia
757,Jack Johnson,Sleep Through The Static,Sleep Through The Static,Jack Johnson,Sleep Through the Static,1,2,223400,spotify:track:6YXPye0mFJBNov8pmihMAP
758,Jack Johnson,Hope,Sleep Through The Static,Jack Johnson,Sleep Through the Static,1,3,222240,spotify:track:6PLQKVQv6BvZGtHtyJ8CaH
759,Jack Johnson,Angel,Sleep Through The Static,Jack Johnson,Sleep Through the Static,1,4,122706,spotify:track:2vO1wr5wIEHqQmY4jWbuhi
760,Jack Johnson,Enemy,Sleep Through The Static,Jack Johnson,Sleep Through the Static,1,5,228480,spotify:track:3tSZoQUyRQ6fQqOogvZOtX
761,Jack Johnson,If I Had Eyes,Sleep Through The Static,Jack Johnson,Sleep Through the Static,1,6,238813,spotify:track:3FnkZFv7kbxwlgaLgbqeDc
762,Jack Johnson,Same Girl,Sleep Through The Static,Jack Johnson,Sleep Through the Static,1,7,130613,spotify:track:2yXSduJwEJH0HpyVMavzus
763,Jack Johnson,What You Thought You Need,Sleep Through The Static,Jack Johnson,Sleep Through the Static,1,8,327266,spotify:track:33mgh5V3qu50nnJAXQqfau
764,Jack Johnson,Adrift,Sleep Through The Static,Jack Johnson,Sleep Through the Static,1,9,236226,spotify:track:2CjUSmHm2d76VoWRgpQ6mO
765,Jack Johnson,Go On,Sleep Through The Static,Jack Johnson,Sleep Through the Static,1,10,274813,spotify:track:6RD1Xy5c5xEhFeqat974kK
766,Jack Johnson,"They Do, They Don't",Sleep Through The Static,Jack Johnson,Sleep Through the Static,1,11,250093,spotify:track:6xzzm22bl8aHP3cdPPLIrO
767,Jack Johnson,While We Wait,Sleep Through The Static,Jack Johnson,Sleep Through the Static,1,12,86120,spotify:track:5x5Y2NTvhG8rALgzMtGggP
768,Jack Johnson,Monsoon,Sleep Through The Static,Jack Johnson,Sleep Through the Static,1,13,256813,spotify:track:7s4qhv3Txiv4oFWUccJsci
769,Jack Johnson,Losing Keys,Sleep Through The Static,Jack Johnson,Sleep Through the Static,1,14,268293,spotify:track:15TRZ6Lpfts7Oowxh7Ic8a
770,Jack Johnson,Times Like These,On And On,Jack Johnson,On and On,1,1,141933,spotify:track:4WM22pqXRZkcdrp7alhjsv
771,Jack Johnson,The Horizon Has Been Defeated - Single Version,On And On,Jack Johnson,On and On,1,2,153626,spotify:track:0goEaYw1cI7ubi2YO2WMFJ
772,Jack Johnson,Traffic In The Sky,On And On,Jack Johnson,On and On,1,3,170946,spotify:track:1yZFWn5IOy4spqLgJmMLmU
773,Jack Johnson,Taylor,On And On,Jack Johnson,On and On,1,4,239280,spotify:track:1J4YoubtTxLuoKBzRIzHvv
774,Jack Johnson,Gone,On And On,Jack Johnson,On and On,1,5,130013,spotify:track:4sX4O9mgw76aWhehf1eSRD
775,Jack Johnson,Cupid,On And On,Jack Johnson,On and On,1,6,65746,spotify:track:2h9ryHBPwEGlZoo5iQ7Efj
776,Jack Johnson,Wasting Time,On And On,Jack Johnson,On and On,1,7,230466,spotify:track:5nb0BEZqsmQYseSPJ932K8
777,Jack Johnson,Holes To Heaven,On And On,Jack Johnson,On and On,1,8,174840,spotify:track:33kOhqAdX4Jyq1lkkfJz6K
778,Jack Johnson,Dreams Be Dreams,On And On,Jack Johnson,On and On,1,9,132946,spotify:track:5cpK8TYeanYi6SkXP3SfGa
779,Jack Johnson,Tomorrow Morning,On And On,Jack Johnson,On and On,1,10,170733,spotify:track:7nSP35TXXGW3fYlICWR8cx
780,Jack Johnson,Fall Line,On And On,Jack Johnson,On and On,1,11,95880,spotify:track:4nvYJZca0LmEyKbwumPvsH
781,Jack Johnson,Cookie Jar,On And On,Jack Johnson,On and On,1,12,176773,spotify:track:7jE5hACenHaqB8nTBrB0uL
782,Jack Johnson,Rodeo Clowns,On And On,Jack Johnson,On and On,1,13,158413,spotify:track:422qOiUJZCd7SaEyoPAEnQ
783,Jack Johnson,Cocoon,On And On,Jack Johnson,On and On,1,14,250880,spotify:track:1SQzV8arwSEmshQ2FaMCy1
784,Jack Johnson,Mediocre Bad Guys,On And On,Jack Johnson,On and On,1,15,179920,spotify:track:1NBogIJPGYfOuR0yKKqP9a
785,Jack Johnson,Symbol In My Driveway,On And On,Jack Johnson,On and On,1,16,170293,spotify:track:5q1dHWnGTMkyv0yMlOklB2
786,Bob Dylan,The Times They Are A-Changin',The Times They Are A-Changin',Bob Dylan,The Times They Are A-Changin',1,1,197020,spotify:track:52vA3CYKZqZVdQnzRrdZt6
787,Bob Dylan,Ballad of Hollis Brown,The Times They Are A-Changin',Bob Dylan,The Times They Are A-Changin',1,2,307421,spotify:track:3Si9u9FVlUTcUXVcawnstJ
788,Bob Dylan,With God on Our Side,The Times They Are A-Changin',Bob Dylan,The Times They Are A-Changin',1,3,429766,spotify:track:5hBOEqqkcQaUgkRhh6EyX4
789,Bob Dylan,One Too Many Mornings,The Times They Are A-Changin',Bob Dylan,The Times They Are A-Changin',1,4,162436,spotify:track:5ATUmaVJWUTTagmPwQLck3
790,Bob Dylan,North Country Blues,The Times They Are A-Changin',Bob Dylan,The Times They Are A-Changin',1,5,276938,spotify:track:3cY8cOjaN8Lwi08g9Fpr6D
791,Bob Dylan,Only a Pawn in Their Game,The Times They Are A-Changin',Bob Dylan,The Times They Are A-Changin',1,6,212899,spotify:track:6lib77q4koq52srysevRfT
792,Bob Dylan,Boots of Spanish Leather,The Times They Are A-Changin',Bob Dylan,The Times They Are A-Changin',1,7,280305,spotify:track:6QHYEZlm9wyfXfEM1vSu1P
793,Bob Dylan,When the Ship Comes In,The Times They Are A-Changin',Bob Dylan,The Times They Are A-Changin',1,8,198181,spotify:track:7hMhO4oenpVkVaM5bNkEbz
794,Bob Dylan,The Lonesome Death of Hattie Carroll,The Times They Are A-Changin',Bob Dylan,The Times They Are A-Changin',1,9,348663,spotify:track:6j1fiAG1NFBqPDRfJY19Yv
795,Bob Dylan,Restless Farewell,The Times They Are A-Changin',Bob Dylan,The Times They Are A-Changin',1,10,332521,spotify:track:1LGmxVTktSQBIpKPymNrWl
796,David Bowie,Space Oddity - 2015 Remaster,ChangesOneBowie,David Bowie,ChangesBowie,1,1,318026,spotify:track:0waHAu7Lr4vXxP3OWsnwLt
797,David Bowie,"John, I'm Only Dancing - Original Single Version, 2012 Remaster",ChangesOneBowie,David Bowie,ChangesBowie,1,2,166786,spotify:track:6HnFPoxGjTsXe9AZO4rrvd
798,David Bowie,Changes - 2015 Remaster,ChangesOneBowie,David Bowie,ChangesBowie,1,3,217746,spotify:track:3HlOk3Iy7vkOfROwBbJqfx
799,David Bowie,Ziggy Stardust - 2012 Remaster,ChangesOneBowie,David Bowie,ChangesBowie,1,4,193666,spotify:track:1oganPK3TpGadtzSRxrl0O
800,David Bowie,Suffragette City - 2012 Remaster,ChangesOneBowie,David Bowie,ChangesBowie,1,5,208413,spotify:track:2t9mpWiGDgTMKzGfyzSMBG
801,David Bowie,The Jean Genie - 2013 Remaster,ChangesOneBowie,David Bowie,ChangesBowie,1,6,248013,spotify:track:53owI5jvlRJwq5txfo4Ckb
802,David Bowie,Diamond Dogs - 2016 Remaster,ChangesOneBowie,David Bowie,ChangesBowie,1,7,366120,spotify:track:08JRM2skZjo1okU7GBJhiI
803,David Bowie,Rebel Rebel - 2016 Remaster,ChangesOneBowie,David Bowie,ChangesBowie,1,8,273680,spotify:track:1zESgGfpyvocCGZexz3jQL
804,David Bowie,Young Americans - 2016 Remaster,ChangesOneBowie,David Bowie,ChangesBowie,1,9,313706,spotify:track:1E6O2lMOZbzGRS38rAer2I
805,David Bowie,Fame - 2016 Remaster,ChangesOneBowie,David Bowie,ChangesBowie,1,10,264240,spotify:track:5m32XcVbgD5aUGO0DHrY2C
806,David Bowie,Golden Years - 2016 Remaster,ChangesOneBowie,David Bowie,ChangesBowie,1,11,243280,spotify:track:5oR2dGPNuNJ3ApZjQ2zUwN
807,Creedence Clearwater Revival,Susie Q,Chronicle: 20 Greatest Hits,Creedence Clearwater Revival,Chronicle,1,1,274160,spotify:track:6z2AyfE9GZxoHqJVSA4NgN
808,Creedence Clearwater Revival,I Put A Spell On You,Chronicle: 20 Greatest Hits,Creedence Clearwater Revival,Chronicle,1,2,272160,spotify:track:5AmWO1ItTiv3XV0AnVEiiI
809,Creedence Clearwater Revival,Proud Mary,Chronicle: 20 Greatest Hits,Creedence Clearwater Revival,Chronicle,1,3,188666,spotify:track:031rVKYjBhsaVM8o1i1vK0
810,Creedence Clearwater Revival,Bad Moon Rising - Remastered 1985,Chronicle: 20 Greatest Hits,Creedence Clearwater Revival,Chronicle,1,4,139506,spotify:track:2ZFxZ4QNiciMhvJV2GjKWL
811,Creedence Clearwater Revival,Lodi - Remastered 1985,Chronicle: 20 Greatest Hits,Creedence Clearwater Revival,Chronicle,1,5,190400,spotify:track:0LMURKNxUPx7OIInOqSc3N
812,Creedence Clearwater Revival,Green River - Remastered 1985,Chronicle: 20 Greatest Hits,Creedence Clearwater Revival,Chronicle,1,6,153306,spotify:track:0mRLlcbMVGMjT5Pca8uMzl
813,Creedence Clearwater Revival,Commotion - Remastered 1985,Chronicle: 20 Greatest Hits,Creedence Clearwater Revival,Chronicle,1,7,162400,spotify:track:6fgY7rONmvknffLDwggHNZ
814,Creedence Clearwater Revival,Down On The Corner,Chronicle: 20 Greatest Hits,Creedence Clearwater Revival,Chronicle,1,8,164560,spotify:track:4IiRAL0swv6SGt92wsFXlG
815,Creedence Clearwater Revival,Fortunate Son,Chronicle: 20 Greatest Hits,Creedence Clearwater Revival,Chronicle,1,9,139160,spotify:track:7GkM8M2EC8OJblOxQxAR7t
816,Creedence Clearwater Revival,Travelin' Band,Chronicle: 20 Greatest Hits,Creedence Clearwater Revival,Chronicle,1,10,127400,spotify:track:2A0IRQ2Wq0dCoTfZGWoGkI
817,Creedence Clearwater Revival,Who'll Stop The Rain,Chronicle: 20 Greatest Hits,Creedence Clearwater Revival,Chronicle,1,11,148333,spotify:track:4hqhLTbu0YtJVIdMs5ysPK
818,Creedence Clearwater Revival,Up Around The Bend,Chronicle: 20 Greatest Hits,Creedence Clearwater Revival,Chronicle,1,12,161800,spotify:track:2yVgB9jAOHncthn5HEQoee
819,Creedence Clearwater Revival,Run Through The Jungle,Chronicle: 20 Greatest Hits,Creedence Clearwater Revival,Chronicle,1,13,186066,spotify:track:2LlrAzrL7eQwXrlplmyAde
820,Creedence Clearwater Revival,Lookin' Out My Back Door,Chronicle: 20 Greatest Hits,Creedence Clearwater Revival,Chronicle,1,14,152373,spotify:track:2os4nK3Y63rxYs53hVxexF
821,Creedence Clearwater Revival,Long As I Can See The Light,Chronicle: 20 Greatest Hits,Creedence Clearwater Revival,Chronicle,1,15,212866,spotify:track:3ZcFy6KzILYzlmkQhszjSk
822,Creedence Clearwater Revival,I Heard It Through The Grapevine,Chronicle: 20 Greatest Hits,Creedence Clearwater Revival,Chronicle,1,16,664333,spotify:track:6Fu2DQzXvx28qYEPrXDikG
823,Creedence Clearwater Revival,Have You Ever Seen The Rain,Chronicle: 20 Greatest Hits,Creedence Clearwater Revival,Chronicle,1,17,160000,spotify:track:5XE8c07vbpQBUriwybOHtd
824,Creedence Clearwater Revival,Hey Tonight,Chronicle: 20 Greatest Hits,Creedence Clearwater Revival,Chronicle,1,18,161600,spotify:track:76zk8LzjlJCqcsqLlac9pY
825,Creedence Clearwater Revival,Sweet Hitch-Hiker,Chronicle: 20 Greatest Hits,Creedence Clearwater Revival,Chronicle,1,19,174333,spotify:track:7sd33gT2RyV5S3iENbHGX6
826,Creedence Clearwater Revival,Someday Never Comes,Chronicle: 20 Greatest Hits,Creedence Clearwater Revival,Chronicle,1,20,240333,spotify:track:5wVKzjsuNby57JyhOMigvP
827,Eagles,Hotel California - 2013 Remaster,Hotel California (2013 Remaster),Eagles,Hotel California,1,1,391376,spotify:track:40riOy7x9W7GXjyGp4pjAv
828,Eagles,New Kid in Town - 2013 Remaster,Hotel California (2013 Remaster),Eagles,Hotel California,1,2,304925,spotify:track:6Zyz8lsnMFpIrCTuvGurCB
829,Eagles,Life in the Fast Lane - 2013 Remaster,Hotel California (2013 Remaster),Eagles,Hotel California,1,3,286219,spotify:track:6gXrEUzibufX9xYPk3HD5p
830,Eagles,Wasted Time - 2013 Remaster,Hotel California (2013 Remaster),Eagles,Hotel California,1,4,296172,spotify:track:0Q5YtY85lz5n7rQkeMNpoe
831,Eagles,Wasted Time (Reprise) - 2013 Remaster,Hotel California (2013 Remaster),Eagles,Hotel California,1,5,83426,spotify:track:7soAdgnUJFcVYA4fiTjFwh
832,Eagles,Victim of Love - 2013 Remaster,Hotel California (2013 Remaster),Eagles,Hotel California,1,6,250089,spotify:track:1tKha6Q0lYlW1qsWYbZB2N
833,Eagles,Pretty Maids All in a Row - 2013 Remaster,Hotel California (2013 Remaster),Eagles,Hotel California,1,7,239493,spotify:track:1LWDDpoVNF6YAFt95ETAS2
834,Eagles,Try and Love Again - 2013 Remaster,Hotel California (2013 Remaster),Eagles,Hotel California,1,8,311068,spotify:track:3ULgE72PnMaeV6lzA0G6Jv
835,Eagles,The Last Resort - 2013 Remaster,Hotel California (2013 Remaster),Eagles,Hotel California,1,9,444911,spotify:track:0MrZG1nTNQVzeSJKi6gFVF
836,Pink Floyd,Hey You,A Foot in the Door: The Best of Pink Floyd,Pink Floyd,A Foot in the Door - The Best of Pink Floyd,1,1,278706,spotify:track:7aK18sdq8pknGPf7NLeBG3
837,Pink Floyd,See Emily Play,A Foot in the Door: The Best of Pink Floyd,Pink Floyd,A Foot in the Door - The Best of Pink Floyd,1,2,162946,spotify:track:1tCImiMPa0naxjcO9nJu92
838,Pink Floyd,The Happiest Days of Our Lives,A Foot in the Door: The Best of Pink Floyd,Pink Floyd,A Foot in the Door - The Best of Pink Floyd,1,3,98266,spotify:track:0NZ1PGO6AWgMwwwmgkJNTM
839,Pink Floyd,"Another Brick in the Wall, Pt. 2",A Foot in the Door: The Best of Pink Floyd,Pink Floyd,A Foot in the Door - The Best of Pink Floyd,1,4,228586,spotify:track:2ibGIe8DYlkDtjP3F9OKcQ
840,Pink Floyd,Have a Cigar,A Foot in the Door: The Best of Pink Floyd,Pink Floyd,A Foot in the Door - The Best of Pink Floyd,1,5,307440,spotify:track:2PckqJRF0ITX8bd9rwbS3i
841,Pink Floyd,Wish You Were Here,A Foot in the Door: The Best of Pink Floyd,Pink Floyd,A Foot in the Door - The Best of Pink Floyd,1,6,304200,spotify:track:0GqGrPWhmiRX9BU93AYFOW
842,Pink Floyd,Time,A Foot in the Door: The Best of Pink Floyd,Pink Floyd,A Foot in the Door - The Best of Pink Floyd,1,7,381120,spotify:track:6VBlrr91NGpZyhAD6yoCMf
843,Pink Floyd,The Great Gig in the Sky,A Foot in the Door: The Best of Pink Floyd,Pink Floyd,A Foot in the Door - The Best of Pink Floyd,1,8,284026,spotify:track:2jHxxx4cpKlHFtNID6RGbs
844,Pink Floyd,Money,A Foot in the Door: The Best of Pink Floyd,Pink Floyd,A Foot in the Door - The Best of Pink Floyd,1,9,393626,spotify:track:6uPL2Ue1sJKc5tWOrZP3K6
845,Pink Floyd,Comfortably Numb,A Foot in the Door: The Best of Pink Floyd,Pink Floyd,A Foot in the Door - The Best of Pink Floyd,1,10,379213,spotify:track:4l6Ap5aEYHcWrS8lmR0Ji8
846,Pink Floyd,High Hopes,A Foot in the Door: The Best of Pink Floyd,Pink Floyd,A Foot in the Door - The Best of Pink Floyd,1,11,415093,spotify:track:1sprwwKwSoNB6zxxaYGhWf
847,Pink Floyd,Learning to Fly,A Foot in the Door: The Best of Pink Floyd,Pink Floyd,A Foot in the Door - The Best of Pink Floyd,1,12,290120,spotify:track:19RuRbqAdfzpxDemqFImCo
848,Pink Floyd,The Fletcher Memorial Home,A Foot in the Door: The Best of Pink Floyd,Pink Floyd,A Foot in the Door - The Best of Pink Floyd,1,13,251373,spotify:track:78zvLYCdjEUkCo1eAzSHSg
849,Pink Floyd,Shine On You Crazy Diamond (Pts. 1-5),A Foot in the Door: The Best of Pink Floyd,Pink Floyd,A Foot in the Door - The Best of Pink Floyd,1,14,665600,spotify:track:7cGibfzlcrlE7b4Sfotyos
850,Pink Floyd,Brain Damage,A Foot in the Door: The Best of Pink Floyd,Pink Floyd,A Foot in the Door - The Best of Pink Floyd,1,15,225826,spotify:track:1ARuBQQanRmhqgUcombg3g
851,Pink Floyd,Eclipse,A Foot in the Door: The Best of Pink Floyd,Pink Floyd,A Foot in the Door - The Best of Pink Floyd,1,16,114093,spotify:track:0qeWe2cEpQ7OeBXEJhtb6H
852,Simon & Garfunkel,Mrs. Robinson - Single Mix,Greatest Hits,Simon & Garfunkel,Greatest Hits,1,1,234415,spotify:track:0gFvkiT2afIcJwNxXQ7W51
853,Simon & Garfunkel,"For Emily, Whenever I May Find Her - Live in St. Louis, MO - November 1969",Greatest Hits,Simon & Garfunkel,Greatest Hits,1,2,145178,spotify:track:0R0Ef3xXCpHLzwwhXX39kq
854,Simon & Garfunkel,The Boxer,Greatest Hits,Simon & Garfunkel,Greatest Hits,1,3,314241,spotify:track:1p8TPFkrsvD9seiArGuJit
855,Simon & Garfunkel,"The 59th Street Bridge Song (Feelin' Groovy) - Live at Carnegie Hall, New York, NY - July 1970",Greatest Hits,Simon & Garfunkel,Greatest Hits,1,4,110216,spotify:track:44fnvfSbCXm5KYmqOqbKbd
856,Simon & Garfunkel,The Sounds of Silence,Greatest Hits,Simon & Garfunkel,Greatest Hits,1,5,187023,spotify:track:3CepTOU9Y7FezTt0CF3lCw
857,Simon & Garfunkel,I Am a Rock,Greatest Hits,Simon & Garfunkel,Greatest Hits,1,6,170023,spotify:track:468JIW2rzqxUZNLr6XDREm
858,Simon & Garfunkel,Scarborough Fair / Canticle,Greatest Hits,Simon & Garfunkel,Greatest Hits,1,7,190092,spotify:track:1eUtfbmI6Qq7Oj6okQ2ktT
859,Simon & Garfunkel,"Homeward Bound - Live at Carnegie Hall, New York, NY - July 1970",Greatest Hits,Simon & Garfunkel,Greatest Hits,1,8,162176,spotify:track:43YpUClE4buEkjheXxysB4
860,Simon & Garfunkel,Bridge Over Troubled Water,Greatest Hits,Simon & Garfunkel,Greatest Hits,1,9,295324,spotify:track:16hJH6jYU1FfWyiEXNOLIs
861,Simon & Garfunkel,America - Single Mix,Greatest Hits,Simon & Garfunkel,Greatest Hits,1,10,213538,spotify:track:15sIOTp0L1brTdF4AQJNSX
862,Simon & Garfunkel,"Kathy's Song - Live in St. Louis, MO - November 1969",Greatest Hits,Simon & Garfunkel,Greatest Hits,1,11,201695,spotify:track:5smCwRoRNqX4vAqSkICJ5D
863,Simon & Garfunkel,El Condor Pasa (If I Could),Greatest Hits,Simon & Garfunkel,Greatest Hits,1,12,189213,spotify:track:5C1EGEgKwZVcD9sXQWUIRT
864,Simon & Garfunkel,Bookends - Single Mix,Greatest Hits,Simon & Garfunkel,Greatest Hits,1,13,80414,spotify:track:0aJHJqOZ54kNU0EaRyFn9G
865,Simon & Garfunkel,Cecilia - Single Mix,Greatest Hits,Simon & Garfunkel,Greatest Hits,1,14,169328,spotify:track:2Fom6AIwPsRd76evrN3fRk
866,De Palmas,Comme ça,Les Lois De La Nature,De Palmas,Les Lois de la Nature,1,1,264866,spotify:track:31olQkuzkllEb9OZXMyzNq
867,De Palmas,Les Lois de la nature,Les Lois De La Nature,De Palmas,Les Lois de la Nature,1,2,295360,spotify:track:3xddRRLceNQJ3JpbH5tS2O
868,De Palmas,La Seule qui sait,Les Lois De La Nature,De Palmas,Les Lois de la Nature,1,3,247666,spotify:track:7qAcAGiOaMWGyClVaZQjYW
869,De Palmas,Mary Jane,Les Lois De La Nature,De Palmas,Les Lois de la Nature,1,4,246906,spotify:track:6Vxu7Ut9VG02qfmnvtlOa0
870,De Palmas,Ma sirène,Les Lois De La Nature,De Palmas,Les Lois de la Nature,1,5,255826,spotify:track:7mIx6PyvGkAhouWpiIw2Pw
871,De Palmas,Johnny and Joe,Les Lois De La Nature,De Palmas,Les Lois de la Nature,1,6,255200,spotify:track:66bVTrnYc1ecdSk1l5NUWA
872,De Palmas,Donneurs de leçons,Les Lois De La Nature,De Palmas,Les Lois de la Nature,1,7,249773,spotify:track:2lb0MLaojr03SY5Doxvszr
873,De Palmas,La Plaine,Les Lois De La Nature,De Palmas,Les Lois de la Nature,1,8,291800,spotify:track:6j1g6dZ0mRpoJN9cptT9Nj
874,De Palmas,Laisse moi te dire,Les Lois De La Nature,De Palmas,Les Lois de la Nature,1,9,238200,spotify:track:5mgtxZxAbUd4MY069qgIUV
875,De Palmas,Six heures,Les Lois De La Nature,De Palmas,Les Lois de la Nature,1,10,264600,spotify:track:3ZiYh8HXKSNV1F578YWIQV
876,De Palmas,Rester calme,Les Lois De La Nature,De Palmas,Les Lois de la Nature,1,11,225960,spotify:track:6WhIzPdnJnHYEIqF1IVSwf
877,De Palmas,... Comme ça,Les Lois De La Nature,De Palmas,Les Lois de la Nature,1,12,187106,spotify:track:59VvVry3c6DjDvt8RN5TWz
878,De Palmas,Une seule vie (Marcher dans le sable),Marcher Dans Le Sable,De Palmas,Marcher dans le sable,1,1,186013,spotify:track:0c7ppMQFvEFnt1cpxUSH56
879,De Palmas,J'en rêve encore - Radio Edit,Marcher Dans Le Sable,De Palmas,Marcher dans le sable,1,2,240986,spotify:track:07aWTEpDmPPCx5XkqhRHfH
880,De Palmas,Tomber,Marcher Dans Le Sable,De Palmas,Marcher dans le sable,1,3,202360,spotify:track:0n86BLnKqrgCGY1cpvKDzf
881,De Palmas,Regarde-moi bien en face,Marcher Dans Le Sable,De Palmas,Marcher dans le sable,1,4,201093,spotify:track:77NKoQaunytbD0keGuVviS
882,De Palmas,Tellement,Marcher Dans Le Sable,De Palmas,Marcher dans le sable,1,5,228880,spotify:track:0MfGEbVYkCmugSV6ARBgYn
883,De Palmas,Tu finiras toute seule,Marcher Dans Le Sable,De Palmas,Marcher dans le sable,1,6,215653,spotify:track:7fgnAnxlpUqWLxJp5MWXor
884,De Palmas,Rien à faire ensemble,Marcher Dans Le Sable,De Palmas,Marcher dans le sable,1,7,218293,spotify:track:2POKQ4jLu4K9WPMaR6YZx7
885,De Palmas,Déjà,Marcher Dans Le Sable,De Palmas,Marcher dans le sable,1,8,199160,spotify:track:6ocOzsnSKoHIwN6owztLQ3
886,De Palmas,Je te pardonne,Marcher Dans Le Sable,De Palmas,Marcher dans le sable,1,9,185146,spotify:track:3lKhi9gTksBbRKA9ZnyVOV
887,De Palmas,Le gouffre,Marcher Dans Le Sable,De Palmas,Marcher dans le sable,1,10,157880,spotify:track:5DpNM5CZukWIhqdKjoGvFX
888,De Palmas,Trop tard,Marcher Dans Le Sable,De Palmas,Marcher dans le sable,1,11,215373,spotify:track:46rKawd2yswzRt6ZklOpnG
889,De Palmas,Si tu veux / Regarde moi bien en face,Marcher Dans Le Sable,De Palmas,Marcher dans le sable,1,12,286586,spotify:track:0I6YUBjtFyAMiBItfd6II0
890,Faith Hill,This Kiss,Country's Greatest Hits,Various,Country's Greatest Hits,1,1,194866,spotify:track:498HCZmJerlzih0VzMxCGe
891,Zach Bryan,Something in the Orange,Country's Greatest Hits,Various,Country's Greatest Hits,1,2,228013,spotify:track:6WUlfGciShh1ar5MatJsYb
892,"Bebe Rexha, Florida Georgia Line",Meant to Be,Country's Greatest Hits,Various,Country's Greatest Hits,1,3,164640,spotify:track:5Y5gtNh17wYwKtLhlG3FrI
893,Blake Shelton,God’s Country,Country's Greatest Hits,Various,Country's Greatest Hits,1,4,204800,spotify:track:10JCxCVGERF8dG5X8KxGeW
894,The Highwomen,Crowded Table,Country's Greatest Hits,Various,Country's Greatest Hits,1,5,209906,spotify:track:7m2MyoDbCD60BVwS5zO9zT
895,Kenny Chesney,Get Along,Country's Greatest Hits,Various,Country's Greatest Hits,1,6,199625,spotify:track:4hw8RXjVWVnFBCRz0sXAYX
896,Willie Nelson,Whiskey River,Country's Greatest Hits,Various,Country's Greatest Hits,1,7,247239,spotify:track:3I41bhEmeyjzv9IXdioUSg
897,"Dan + Shay, Justin Bieber","10,000 Hours",Country's Greatest Hits,Various,Country's Greatest Hits,1,8,167693,spotify:track:4aE5uWEPZhk5qgdxa2TVT3
898,Randy Travis,"Forever and Ever, Amen",Country's Greatest Hits,Various,Country's Greatest Hits,1,9,213226,spotify:track:7mY3tMaXWE5T10T8omjXNr
899,Bailey Zimmerman,Rock and a Hard Place,Country's Greatest Hits,Various,Country's Greatest Hits,1,10,207540,spotify:track:5hvOvu9yadMCVmoWg6GEsx
900,"Emmylou Harris, Dolly Parton, Linda Rondstadt",To Know Him Is to Love Him,Country's Greatest Hits,Various,Country's Greatest Hits,1,11,229893,spotify:track:6Ut62glIUv7gJVW3Y8Rae4
901,Cole Swindell,She Had Me at Heads Carolina,Country's Greatest Hits,Various,Country's Greatest Hits,1,12,206106,spotify:track:5ux8V5eV25gWMwunewjvIX
902,Travis Tritt,T-R-O-U-B-L-E,Country's Greatest Hits,Various,Country's Greatest Hits,1,13,181240,spotify:track:6HejjCuQ9uyIeUKKc1zTUF
903,"Ingrid Andress, Sam Hunt",Wishful Drinking,Country's Greatest Hits,Various,Country's Greatest Hits,1,14,194544,spotify:track:3SmwOxXayf2oShLmilHGQf
904,Hunter Hayes,Wanted,Country's Greatest Hits,Various,Country's Greatest Hits,1,15,228840,spotify:track:12u3eEf6Z77FZNFIbroASN
905,Eddie Rabbitt,I Love a Rainy Night,Country's Greatest Hits,Various,Country's Greatest Hits,1,16,190533,spotify:track:096JivnkUdss6FVE8p2uCV
906,"Gabby Barrett, Charlie Puth",I Hope,Country's Greatest Hits,Various,Country's Greatest Hits,1,17,211605,spotify:track:36uTCYgGFqLvwNwON5AKjp
907,"Kid Rock, Sheryl Crow",Picture,Country's Greatest Hits,Various,Country's Greatest Hits,1,18,298960,spotify:track:54RQ2HDYfyYNAJnQqpiQ6D
908,Chad Brock,Yes!,Country's Greatest Hits,Various,Country's Greatest Hits,1,19,203173,spotify:track:7Ixz4UNA8WgSy8LbkoDhAX
909,Cody Johnson,’Til You Can’t,Country's Greatest Hits,Various,Country's Greatest Hits,1,20,224213,spotify:track:3k2hlExhLk8G7l06EkQj6V
910,James Otto,Just Got Started Lovin’ You,Country's Greatest Hits,Various,Country's Greatest Hits,1,21,234640,spotify:track:0OYek6FqaETCdKXvbK7oUt
911,Michael Ray,Think a Little Less,Country's Greatest Hits,Various,Country's Greatest Hits,1,22,176986,spotify:track:3u3ZioiJYWAausnCQMxnbo
912,"BRELAND, Keith Urban",Throw It Back,Country's Greatest Hits,Various,Country's Greatest Hits,1,23,188936,spotify:track:1ZElTvkMu91fOvnzc3bDnN
913,George Jones,Choices,Country's Greatest Hits,Various,Country's Greatest Hits,1,24,206213,spotify:track:3wFXcU3j4cywtOtzMq9vv9
914,Ashley McBryde,One Night Standards,Country's Greatest Hits,Various,Country's Greatest Hits,1,25,190973,spotify:track:2vL3tj0OwqDaSZP8BiSeAW
915,John Michael Montgomery,Sold (The Grundy County Auction Incident),Country's Greatest Hits,Various,Country's Greatest Hits,1,26,151506,spotify:track:04XRXLznx9LaNVuS2m4Jyv
916,High Valley,Grew Up on That,Country's Greatest Hits,Various,Country's Greatest Hits,1,27,172066,spotify:track:0gfCxAFxQAtHBTV792Zzht
917,Uncle Kracker,Follow Me,Country's Greatest Hits,Various,Country's Greatest Hits,1,28,218439,spotify:track:2HFYPYRJkzGR3Ijf2kR43j
918,Big & Rich,Save a Horse (Ride a Cowboy),Country's Greatest Hits,Various,Country's Greatest Hits,1,29,200306,spotify:track:5RUNo23GgirCES3EBiYH5s
919,Edwin McCain,I’ll Be,Country's Greatest Hits,Various,Country's Greatest Hits,1,30,266533,spotify:track:2WoorYT9NyM8s6mXjYvglp
920,Frankie Ballard,Sunshine & Whiskey,Country's Greatest Hits,Various,Country's Greatest Hits,1,31,182400,spotify:track:3o4qpYYuIKFwLYvFTjSPgD
921,The Georgia Satellites,Keep Your Hands to Yourself,Country's Greatest Hits,Various,Country's Greatest Hits,1,32,207093,spotify:track:30lN9yXll57bQ9qK5rOfvj
922,"Ian Munsick, Cody Johnson",Long Live Cowgirls,Country's Greatest Hits,Various,Country's Greatest Hits,1,33,184746,spotify:track:6xYIhZtioC6kcO5Yx7a63c
923,Tracy Lawrence,Time Marches On,Country's Greatest Hits,Various,Country's Greatest Hits,1,34,185360,spotify:track:3cJ4AoggkvjoGZ51D0RVgU
924,Kris Kristofferson,Me and Bobby McGee,Country's Greatest Hits,Various,Country's Greatest Hits,1,35,273066,spotify:track:3euP8N3lqEr19Z2r2QQM5p
925,Neal McCoy,Wink,Country's Greatest Hits,Various,Country's Greatest Hits,1,36,162466,spotify:track:0vVxjhkoc6ewpGcFLHqxI3
926,Kenny Rogers,Love Is Strange,Country's Greatest Hits,Various,Country's Greatest Hits,1,37,208106,spotify:track:5KjZ5S2tcm3oPwUVAqzYoD
927,Tyler Braden,Try Losing One,Country's Greatest Hits,Various,Country's Greatest Hits,1,38,219640,spotify:track:2sDdvWPj01p3DyHURR7dip
928,Confederate Railroad,Trashy Women,Country's Greatest Hits,Various,Country's Greatest Hits,1,39,195706,spotify:track:38dssGnSAvyyhaOBQRdGmo
929,Gloriana,(Kissed You) Good Night,Country's Greatest Hits,Various,Country's Greatest Hits,1,40,232903,spotify:track:6QzpDzOP5MzP92poR4V3mK
930,Warren Zeiders,Ride the Lightning - 717 Tapes,Country's Greatest Hits,Various,Country's Greatest Hits,1,41,186458,spotify:track:3D9sLafFpak60wJcudvzpA
931,Highway 101,"Whiskey, If You Were a Woman",Country's Greatest Hits,Various,Country's Greatest Hits,1,42,183733,spotify:track:0AZG0h7a6yTshvTtaQxDMc
932,Mason Ramsey,Famous,Country's Greatest Hits,Various,Country's Greatest Hits,1,43,192520,spotify:track:3AfIrziwXCbBIU3sJtXz42
933,Emmylou Harris,Boulder to Birmingham,Country's Greatest Hits,Various,Country's Greatest Hits,1,44,213026,spotify:track:4WSWYJkZtGhGC4rvha0gmr
934,"Brandi Carlile, Lucius",You and Me on the Rock,Country's Greatest Hits,Various,Country's Greatest Hits,1,45,230098,spotify:track:3SE0j3sf762TnofbLQaPFD
935,Ricky Skaggs,Cats in the Cradle,Country's Greatest Hits,Various,Country's Greatest Hits,1,46,239413,spotify:track:7uu2kuM9Pk0NC8zsQiFSRi
936,Morgan Evans,Kiss Somebody,Country's Greatest Hits,Various,Country's Greatest Hits,1,47,213183,spotify:track:5oFyWOrZDc25cJQwMuvwMS
937,Carlene Carter,Every Little Thing,Country's Greatest Hits,Various,Country's Greatest Hits,1,48,194386,spotify:track:7rtdE46TA16RtoQ6MpI5Oo
938,"Bebe Rexha, Dolly Parton",Seasons,Country's Greatest Hits,Various,Country's Greatest Hits,1,49,203427,spotify:track:08CLFJNlxBfxsi4hOj5sr6
939,Linda Ronstadt,Desperado,Country's Greatest Hits,Various,Country's Greatest Hits,1,50,212093,spotify:track:0NDQNlAEY26eW3O39Dhkje
940,RaeLynn,Love Triangle,Country's Greatest Hits,Various,Country's Greatest Hits,1,51,225626,spotify:track:1gdzAvuSxiktlTznAYlj1O
941,Son Volt,Windfall - 2015 Remaster,Country's Greatest Hits,Various,Country's Greatest Hits,1,52,179520,spotify:track:14OREeaHcfoLfhoR9e4EPg
942,Brandy Clark,Who You Thought I Was,Country's Greatest Hits,Various,Country's Greatest Hits,1,53,189173,spotify:track:1Zo2xcjySzOsxKc3R5wIFs
943,David Ball,Thinkin' Problem,Country's Greatest Hits,Various,Country's Greatest Hits,1,54,181133,spotify:track:5iXD81zE9toYt3EMMCXQRI
944,Jessie James Decker,Should Have Known Better,Country's Greatest Hits,Various,Country's Greatest Hits,1,55,147706,spotify:track:7n7ALIR8NUY5gKShlpYVsI
945,Chris Janson,Buy Me a Boat,Country's Greatest Hits,Various,Country's Greatest Hits,1,56,179077,spotify:track:3LhpY4UFgzWEFGrAgGtob8
946,Sam Barber,Straight and Narrow,Country's Greatest Hits,Various,Country's Greatest Hits,1,57,199874,spotify:track:5LgJht8iOJTlaJ9YJSj9GC
947,Kevin Sharp,Nobody Knows,Country's Greatest Hits,Various,Country's Greatest Hits,1,58,206426,spotify:track:4zKFUyDmwor4urrP0NWJra
948,Brett Eldredge,Drunk on Your Love,Country's Greatest Hits,Various,Country's Greatest Hits,1,59,173960,spotify:track:2HlzIJS41ZaNHrgateekRw
949,Bonnie Raitt,Angel from Montgomery,Country's Greatest Hits,Various,Country's Greatest Hits,1,60,239240,spotify:track:7bLtmWtGYd2ktXMNuO2rj7
950,Jana Kramer,I Got the Boy,Country's Greatest Hits,Various,Country's Greatest Hits,1,61,201013,spotify:track:6oLw3Aui91YA38cLw63PlH
951,Michael Peterson,"Drink, Swear, Steal & Lie",Country's Greatest Hits,Various,Country's Greatest Hits,1,62,182306,spotify:track:6FHeTpfYWorMs2XlURqq0t
952,The Wreckers,Leave the Pieces,Country's Greatest Hits,Various,Country's Greatest Hits,1,63,211533,spotify:track:3HdVqiosyxFSX9VM8Encsf
953,Hootie & The Blowfish,Let Her Cry,Country's Greatest Hits,Various,Country's Greatest Hits,1,64,318533,spotify:track:43ehuhjJnkD6nMdl2LOgNc
954,Devin Dawson,All on Me,Country's Greatest Hits,Various,Country's Greatest Hits,1,65,224626,spotify:track:5tCMONX9LnyiERgd0xSyRz
955,Clay Walker,If I Could Make a Living,Country's Greatest Hits,Various,Country's Greatest Hits,1,66,134373,spotify:track:5d4sdyoNN0SF5ssn7pC4RG
956,Sturgill Simpson,Brace for Impact - Live a Little,Country's Greatest Hits,Various,Country's Greatest Hits,1,67,349266,spotify:track:0Hgbqv5F3lSCMRrmIAPE0B
957,Johnny Lee,Lookin’ for Love,Country's Greatest Hits,Various,Country's Greatest Hits,1,68,218426,spotify:track:3M4oTjohCX3t752nA61MJv
958,William Michael Morgan,I Met a Girl,Country's Greatest Hits,Various,Country's Greatest Hits,1,69,201533,spotify:track:6K8qCen1C7fxnobSI0ScXE
959,Bryan White,God Gave Me You,Country's Greatest Hits,Various,Country's Greatest Hits,1,70,245813,spotify:track:6FfuHloyukuOyYaviiFwid
960,Drew Parker,While You’re Gone,Country's Greatest Hits,Various,Country's Greatest Hits,1,71,226901,spotify:track:26VO0GjsVvPpa1ebUV3aPO
961,Beth Nielsen Chapman,All I Have,Country's Greatest Hits,Various,Country's Greatest Hits,1,72,256733,spotify:track:4Xq2fhWroDCUQpvjIN7KSu
962,Ryan Kinder,Close,Country's Greatest Hits,Various,Country's Greatest Hits,1,73,178026,spotify:track:3pWvidZcdBSJaRMgsF9MPG
963,Blue Rodeo,Lost Together,Country's Greatest Hits,Various,Country's Greatest Hits,1,74,314760,spotify:track:2gg7ogNxt1a51kkIWyrrK0
964,Trick Pony,Pour Me,Country's Greatest Hits,Various,Country's Greatest Hits,1,75,172000,spotify:track:4hb9Z2gMcyPfqfrK9UPlCg
965,Bob Dylan,Blowin' in the Wind,The Essential Bob Dylan,Bob Dylan,The Real... Bob Dylan,1,1,167080,spotify:track:6KjqfAk6vLV5V8eOPz8EhH
966,Bob Dylan,"Don't Think Twice, It's All Right",The Essential Bob Dylan,Bob Dylan,The Real... Bob Dylan,1,2,218880,spotify:track:2FkV114Mb11BmeofzLh0Bm
967,Bob Dylan,The Times They Are A-Changin',The Essential Bob Dylan,Bob Dylan,The Real... Bob Dylan,1,3,192360,spotify:track:6iRSSZhqpXdlgqujwlwaHN
968,Bob Dylan,It Ain't Me Babe,The Essential Bob Dylan,Bob Dylan,The Real... Bob Dylan,1,4,214160,spotify:track:6sdDsPbTlSoOhGuAfaAa2g
969,Bob Dylan,Maggie's Farm,The Essential Bob Dylan,Bob Dylan,The Real... Bob Dylan,1,5,235253,spotify:track:39nuNc4A9G3GlEdfYhgVWb
970,Bob Dylan,Mr. Tambourine Man,The Essential Bob Dylan,Bob Dylan,The Real... Bob Dylan,1,6,326293,spotify:track:2dpQqMMQws3xjAX4bKD9Rg
971,Bob Dylan,Subterranean Homesick Blues,The Essential Bob Dylan,Bob Dylan,The Real... Bob Dylan,1,7,138426,spotify:track:3Il1IasyFUv0xQBWMf8Zyj
972,Bob Dylan,Like a Rolling Stone,The Essential Bob Dylan,Bob Dylan,The Real... Bob Dylan,1,8,368186,spotify:track:0B9sqt7YauXB73705BNaSG
973,Bob Dylan,Positively 4th Street - Single Version,The Essential Bob Dylan,Bob Dylan,The Real... Bob Dylan,1,9,247866,spotify:track:4heMx0OAwfILu13Lf0VbBM
974,Bob Dylan,Just Like a Woman,The Essential Bob Dylan,Bob Dylan,The Real... Bob Dylan,1,10,291026,spotify:track:6l6eyGlgcw37iiC9bNan4a
975,Bob Dylan,Rainy Day Women #12 & 35,The Essential Bob Dylan,Bob Dylan,The Real... Bob Dylan,1,11,274640,spotify:track:2qIuxQHD26zJybIVmGivBp
976,Bob Dylan,All Along the Watchtower,The Essential Bob Dylan,Bob Dylan,The Real... Bob Dylan,1,12,151293,spotify:track:5qimtvhKqwoYOcUWifL7jr
977,Bob Dylan,Quinn the Eskimo (The Mighty Quinn) - Studio Outtake - 1967,The Essential Bob Dylan,Bob Dylan,The Real... Bob Dylan,1,13,137360,spotify:track:1bJWuhMwww0TV6M6QhFYOQ
978,Bob Dylan,I'll Be Your Baby Tonight,The Essential Bob Dylan,Bob Dylan,The Real... Bob Dylan,1,14,159546,spotify:track:6W5E1eMRmZlyo6XT7vi405
979,Bob Dylan,"Lay, Lady, Lay",The Essential Bob Dylan,Bob Dylan,The Real... Bob Dylan,1,15,198400,spotify:track:1yRxcHJsRMmQOZ7tZtXwo9
980,Bob Dylan,If Not for You,The Essential Bob Dylan,Bob Dylan,The Real... Bob Dylan,1,16,160560,spotify:track:6PdFfVd6m29FDDL9jnnEE8
981,Bob Dylan,I Shall Be Released - Studio Outtake - 1971,The Essential Bob Dylan,Bob Dylan,The Real... Bob Dylan,2,1,182160,spotify:track:5vyw005QQ42hrzrLxb3xEX
982,Bob Dylan,You Ain't Goin' Nowhere - Studio Outtake - 1971,The Essential Bob Dylan,Bob Dylan,The Real... Bob Dylan,2,2,164320,spotify:track:4KmjzHcjcCxmNNBW2MmVf8
983,Bob Dylan,Knockin' On Heaven's Door,The Essential Bob Dylan,Bob Dylan,The Real... Bob Dylan,2,3,149960,spotify:track:0JlOwlHslZuwK97jySyZuc
984,Bob Dylan,Forever Young - Slow Version,The Essential Bob Dylan,Bob Dylan,The Real... Bob Dylan,2,4,295733,spotify:track:0xx4xX4IBocqmocyziPOXK
985,Bob Dylan,Tangled up in Blue,The Essential Bob Dylan,Bob Dylan,The Real... Bob Dylan,2,5,341080,spotify:track:6fuUldGZAvAYG54LqqyfU7
986,Bob Dylan,Hurricane,The Essential Bob Dylan,Bob Dylan,The Real... Bob Dylan,2,6,512960,spotify:track:6ieJmQcWsZ6s554o78VReb
987,Bob Dylan,Ring Them Bells,The Essential Bob Dylan,Bob Dylan,The Real... Bob Dylan,2,7,180920,spotify:track:5lji9HaUXBrswktaRck6G0
988,Bob Dylan,Gotta Serve Somebody,The Essential Bob Dylan,Bob Dylan,The Real... Bob Dylan,2,8,324533,spotify:track:6bkjEfMgCx1RQjjZdaeNSa
989,Bob Dylan,Jokerman,The Essential Bob Dylan,Bob Dylan,The Real... Bob Dylan,2,9,375840,spotify:track:3grPU5H08MzkdwPOjiBVkU
990,Bob Dylan,Not Dark Yet,The Essential Bob Dylan,Bob Dylan,The Real... Bob Dylan,2,10,388160,spotify:track:0IFfrFeXFt0sO36KaFtL3b
991,Bob Dylan,Things Have Changed - Single Version,The Essential Bob Dylan,Bob Dylan,The Real... Bob Dylan,2,11,308120,spotify:track:6HE0fZLrv0YMd7X4uvzYot
992,Bob Dylan,Make You Feel My Love,The Essential Bob Dylan,Bob Dylan,The Real... Bob Dylan,2,12,211426,spotify:track:7gE8GLzhlyg8ZOrvrUoAkU
993,Bob Dylan,Mississippi,The Essential Bob Dylan,Bob Dylan,The Real... Bob Dylan,2,13,320746,spotify:track:0UcMglEALbJ2gRZn7BODqR
994,Bob Dylan,Beyond Here Lies Nothin' (Explicit),The Essential Bob Dylan,Bob Dylan,The Real... Bob Dylan,2,14,230533,spotify:track:77bJCYMKH5HWY5vtGn1sfe
995,Bob Dylan,Duquesne Whistle,The Essential Bob Dylan,Bob Dylan,The Real... Bob Dylan,2,15,343186,spotify:track:5vSMGfjMlxDeMa8VE8kJXE
996,Bob Dylan,When the Deal Goes Down,The Essential Bob Dylan,Bob Dylan,The Real... Bob Dylan,2,16,300960,spotify:track:0OsuFxMDOoFhvZMFv3Xw3M
997,Alicia Keys,"Intro Alicia's Prayer (Acappella) - Unplugged Live at the Brooklyn Academy of Music, Brooklyn, NY - July 2005",Unplugged,Alicia Keys,Unplugged,1,1,71760,spotify:track:0WsTC9cdexSxgjoW4NlwTW
998,Alicia Keys,"Karma - Unplugged Live at the Brooklyn Academy of Music, Brooklyn, NY - July 2005",Unplugged,Alicia Keys,Unplugged,1,2,130266,spotify:track:1uCZq3hBa2ZTxOn18lkp2I
999,Alicia Keys,"Heartburn - Unplugged Live at the Brooklyn Academy of Music, Brooklyn, NY - July 2005",Unplugged,Alicia Keys,Unplugged,1,3,183440,spotify:track:0aIdmsQsG22oMaw5G3CLFo
1000,Alicia Keys,"A Woman's Worth - Unplugged Live at the Brooklyn Academy of Music, Brooklyn, NY - July 2005",Unplugged,Alicia Keys,Unplugged,1,4,210600,spotify:track:2KxLC0zzzCvJ5xg9dZPnA2
1001,Alicia Keys,"Unbreakable - Unplugged Live at the Brooklyn Academy of Music, Brooklyn, NY - July 2005",Unplugged,Alicia Keys,Unplugged,1,5,274000,spotify:track:2DRcaAO76feWOoWCWP1cPp
1002,Alicia Keys,"How Come You Don't Call Me - Unplugged Live at the Brooklyn Academy of Music, Brooklyn, NY - July 2005",Unplugged,Alicia Keys,Unplugged,1,6,323760,spotify:track:09oPdIGjxiJbzyX8AcHply
1003,Alicia Keys,"If I Was Your Woman - Unplugged Live at the Brooklyn Academy of Music, Brooklyn, NY - July 2005",Unplugged,Alicia Keys,Unplugged,1,7,244466,spotify:track:3dQtowkCSVxACYPkd2waXq
1004,Alicia Keys,"If I Ain't Got You - Unplugged Live at the Brooklyn Academy of Music, Brooklyn, NY - July 2005",Unplugged,Alicia Keys,Unplugged,1,8,246000,spotify:track:2QcuQQRX2P0bhZcs861SJY
1005,Alicia Keys,"Every Little Bit Hurts - Unplugged Live at the Brooklyn Academy of Music, Brooklyn, NY - July 2005",Unplugged,Alicia Keys,Unplugged,1,9,241440,spotify:track:4NEy474L2DgDhOgLWDzyE4
1006,Alicia Keys,"Streets of New York (City Life) - Unplugged Live at the Brooklyn Academy of Music, Brooklyn, NY - July 2005",Unplugged,Alicia Keys,Unplugged,1,10,455533,spotify:track:1wfaQ0EpdUNqZdDjgG989o
1007,"Alicia Keys, Adam Levine","Wild Horses (feat. Adam Levine) - Unplugged Live at the Brooklyn Academy of Music, Brooklyn, NY - July 2005",Unplugged,Alicia Keys,Unplugged,1,11,364800,spotify:track:6zo52JP3T62BJWN1Fd802D
1008,Alicia Keys,"Diary - Unplugged Live at the Brooklyn Academy of Music, Brooklyn, NY - July 2005",Unplugged,Alicia Keys,Unplugged,1,12,353933,spotify:track:0oznE2fXDwAoja4j2R39lj
1009,Alicia Keys,"You Don't Know My Name - Unplugged Live at the Brooklyn Academy of Music, Brooklyn, NY - July 2005",Unplugged,Alicia Keys,Unplugged,1,13,215800,spotify:track:2YpcIMAlj3xnB1Vr3qFYL1
1010,Alicia Keys,"Stolen Moments - Unplugged Live at the Brooklyn Academy of Music, Brooklyn, NY - July 2005",Unplugged,Alicia Keys,Unplugged,1,14,314666,spotify:track:78hbE62MIMLm5QTzkqTILh
1011,Alicia Keys,"Fallin' - Unplugged Live at the Brooklyn Academy of Music, Brooklyn, NY - July 2005",Unplugged,Alicia Keys,Unplugged,1,15,310133,spotify:track:1fzYdlr2RdnhxsI0bZsTms
1012,"Alicia Keys, Damian Marley, Mos Def, Common, Common & Friends","Love It or Leave It Alone/Welcome to Jamrock (feat. Damien Marley, Common & Friends, Mos Def & Common) - Unplugged Live at the Brooklyn Academy of Music, Brooklyn, NY - July 2005",Unplugged,Alicia Keys,Unplugged,1,16,408533,spotify:track:3Z3HiCJT6fxv4uEx88wftl
